Id , Category
1 , 7
2 , 5
3 , 4
4 , 1
5 , 8
6 , 2
7 , 3
8 , 2
9 , 5
10 , 5
11 , 2
12 , 9
13 , 4
14 , 1
15 , 7
16 , 2
17 , 5
18 , 3
19 , 1
20 , 7
21 , 7
22 , 6
23 , 6
24 , 4
25 , 3
26 , 7
27 , 2
28 , 8
29 , 10
30 , 4
31 , 3
32 , 7
33 , 6
34 , 2
35 , 10
36 , 10
37 , 5
38 , 6
39 , 9
40 , 7
41 , 2
42 , 1
43 , 1
44 , 7
45 , 2
46 , 10
47 , 2
48 , 3
49 , 4
50 , 10
51 , 6
52 , 8
53 , 1
54 , 1
55 , 3
56 , 9
57 , 7
58 , 8
59 , 3
60 , 10
61 , 1
62 , 6
63 , 6
64 , 8
65 , 10
66 , 7
67 , 2
68 , 1
69 , 1
70 , 5
71 , 3
72 , 2
73 , 8
74 , 4
75 , 3
76 , 4
77 , 5
78 , 2
79 , 7
80 , 7
81 , 4
82 , 4
83 , 10
84 , 5
85 , 1
86 , 2
87 , 3
88 , 1
89 , 5
90 , 8
91 , 10
92 , 2
93 , 7
94 , 7
95 , 6
96 , 2
97 , 8
98 , 7
99 , 9
100 , 4
101 , 9
102 , 5
103 , 1
104 , 3
105 , 9
106 , 8
107 , 2
108 , 3
109 , 4
110 , 5
111 , 4
112 , 3
113 , 5
114 , 6
115 , 9
116 , 9
117 , 2
118 , 8
119 , 9
120 , 2
121 , 8
122 , 2
123 , 9
124 , 4
125 , 3
126 , 2
127 , 9
128 , 4
129 , 5
130 , 4
131 , 5
132 , 3
133 , 6
134 , 4
135 , 8
136 , 5
137 , 1
138 , 2
139 , 6
140 , 4
141 , 2
142 , 2
143 , 2
144 , 1
145 , 5
146 , 4
147 , 4
148 , 10
149 , 6
150 , 4
151 , 3
152 , 9
153 , 2
154 , 5
155 , 1
156 , 2
157 , 8
158 , 5
159 , 10
160 , 9
161 , 8
162 , 2
163 , 2
164 , 4
165 , 7
166 , 3
167 , 10
168 , 8
169 , 1
170 , 6
171 , 8
172 , 4
173 , 4
174 , 6
175 , 10
176 , 3
177 , 4
178 , 4
179 , 4
180 , 3
181 , 4
182 , 8
183 , 9
184 , 5
185 , 9
186 , 10
187 , 5
188 , 3
189 , 7
190 , 10
191 , 4
192 , 3
193 , 9
194 , 4
195 , 9
196 , 8
197 , 10
198 , 10
199 , 6
200 , 8
201 , 1
202 , 8
203 , 9
204 , 4
205 , 5
206 , 9
207 , 3
208 , 5
209 , 3
210 , 6
211 , 7
212 , 6
213 , 9
214 , 4
215 , 5
216 , 2
217 , 9
218 , 6
219 , 2
220 , 2
221 , 1
222 , 3
223 , 2
224 , 5
225 , 3
226 , 1
227 , 5
228 , 5
229 , 3
230 , 9
231 , 8
232 , 3
233 , 10
234 , 6
235 , 7
236 , 4
237 , 6
238 , 9
239 , 6
240 , 10
241 , 9
242 , 1
243 , 9
244 , 10
245 , 9
246 , 8
247 , 2
248 , 7
249 , 9
250 , 5
251 , 1
252 , 3
253 , 10
254 , 7
255 , 8
256 , 7
257 , 4
258 , 8
259 , 6
260 , 7
261 , 8
262 , 6
263 , 2
264 , 9
265 , 3
266 , 2
267 , 10
268 , 3
269 , 8
270 , 4
271 , 2
272 , 3
273 , 6
274 , 9
275 , 2
276 , 2
277 , 8
278 , 9
279 , 10
280 , 1
281 , 7
282 , 5
283 , 5
284 , 1
285 , 1
286 , 3
287 , 10
288 , 1
289 , 10
290 , 2
291 , 9
292 , 9
293 , 2
294 , 7
295 , 4
296 , 4
297 , 5
298 , 3
299 , 9
300 , 7
301 , 7
302 , 3
303 , 8
304 , 10
305 , 5
306 , 6
307 , 1
308 , 2
309 , 4
310 , 8
311 , 4
312 , 8
313 , 6
314 , 3
315 , 6
316 , 1
317 , 8
318 , 3
319 , 10
320 , 6
321 , 9
322 , 5
323 , 6
324 , 8
325 , 8
326 , 6
327 , 6
328 , 7
329 , 1
330 , 10
331 , 8
332 , 5
333 , 3
334 , 7
335 , 9
336 , 2
337 , 4
338 , 9
339 , 10
340 , 5
341 , 3
342 , 3
343 , 7
344 , 5
345 , 4
346 , 7
347 , 9
348 , 10
349 , 9
350 , 8
351 , 8
352 , 2
353 , 3
354 , 8
355 , 8
356 , 8
357 , 4
358 , 7
359 , 4
360 , 1
361 , 6
362 , 5
363 , 1
364 , 7
365 , 4
366 , 4
367 , 9
368 , 6
369 , 2
370 , 3
371 , 6
372 , 10
373 , 8
374 , 4
375 , 9
376 , 9
377 , 10
378 , 8
379 , 6
380 , 2
381 , 10
382 , 3
383 , 2
384 , 7
385 , 8
386 , 4
387 , 4
388 , 5
389 , 9
390 , 1
391 , 3
392 , 5
393 , 1
394 , 5
395 , 6
396 , 6
397 , 7
398 , 1
399 , 2
400 , 1
401 , 4
402 , 6
403 , 10
404 , 4
405 , 1
406 , 1
407 , 10
408 , 3
409 , 8
410 , 3
411 , 10
412 , 8
413 , 2
414 , 9
415 , 9
416 , 8
417 , 4
418 , 3
419 , 1
420 , 10
421 , 6
422 , 5
423 , 9
424 , 4
425 , 3
426 , 6
427 , 3
428 , 9
429 , 6
430 , 10
431 , 9
432 , 7
433 , 5
434 , 5
435 , 7
436 , 4
437 , 2
438 , 3
439 , 10
440 , 3
441 , 3
442 , 9
443 , 5
444 , 7
445 , 1
446 , 5
447 , 8
448 , 6
449 , 3
450 , 8
451 , 2
452 , 5
453 , 9
454 , 9
455 , 7
456 , 10
457 , 1
458 , 8
459 , 8
460 , 3
461 , 9
462 , 10
463 , 7
464 , 5
465 , 8
466 , 5
467 , 8
468 , 10
469 , 8
470 , 4
471 , 3
472 , 10
473 , 8
474 , 7
475 , 2
476 , 7
477 , 2
478 , 5
479 , 7
480 , 5
481 , 1
482 , 6
483 , 1
484 , 5
485 , 3
486 , 3
487 , 3
488 , 4
489 , 9
490 , 2
491 , 5
492 , 1
493 , 10
494 , 8
495 , 9
496 , 5
497 , 5
498 , 10
499 , 7
500 , 7
501 , 7
502 , 8
503 , 10
504 , 5
505 , 7
506 , 8
507 , 7
508 , 8
509 , 10
510 , 7
511 , 8
512 , 5
513 , 2
514 , 7
515 , 3
516 , 3
517 , 5
518 , 3
519 , 10
520 , 9
521 , 8
522 , 4
523 , 7
524 , 6
525 , 9
526 , 2
527 , 9
528 , 1
529 , 7
530 , 3
531 , 2
532 , 6
533 , 5
534 , 6
535 , 8
536 , 1
537 , 6
538 , 2
539 , 8
540 , 9
541 , 2
542 , 8
543 , 6
544 , 6
545 , 1
546 , 4
547 , 8
548 , 2
549 , 3
550 , 3
551 , 3
552 , 1
553 , 3
554 , 9
555 , 7
556 , 3
557 , 9
558 , 7
559 , 8
560 , 8
561 , 1
562 , 6
563 , 1
564 , 8
565 , 2
566 , 3
567 , 1
568 , 5
569 , 8
570 , 8
571 , 1
572 , 7
573 , 2
574 , 2
575 , 6
576 , 6
577 , 8
578 , 4
579 , 7
580 , 2
581 , 5
582 , 10
583 , 1
584 , 6
585 , 10
586 , 9
587 , 5
588 , 8
589 , 1
590 , 4
591 , 4
592 , 9
593 , 4
594 , 6
595 , 5
596 , 8
597 , 8
598 , 1
599 , 2
600 , 7
601 , 7
602 , 2
603 , 1
604 , 3
605 , 8
606 , 8
607 , 4
608 , 9
609 , 8
610 , 9
611 , 9
612 , 10
613 , 7
614 , 5
615 , 5
616 , 4
617 , 10
618 , 8
619 , 4
620 , 6
621 , 2
622 , 10
623 , 1
624 , 4
625 , 4
626 , 3
627 , 6
628 , 5
629 , 2
630 , 8
631 , 3
632 , 3
633 , 4
634 , 7
635 , 7
636 , 2
637 , 2
638 , 4
639 , 9
640 , 3
641 , 8
642 , 4
643 , 7
644 , 7
645 , 4
646 , 8
647 , 6
648 , 4
649 , 1
650 , 6
651 , 4
652 , 5
653 , 1
654 , 3
655 , 7
656 , 10
657 , 5
658 , 9
659 , 8
660 , 10
661 , 2
662 , 6
663 , 8
664 , 7
665 , 4
666 , 3
667 , 9
668 , 9
669 , 6
670 , 4
671 , 1
672 , 7
673 , 4
674 , 9
675 , 3
676 , 6
677 , 2
678 , 8
679 , 9
680 , 4
681 , 6
682 , 1
683 , 5
684 , 4
685 , 5
686 , 6
687 , 7
688 , 6
689 , 9
690 , 7
691 , 10
692 , 5
693 , 7
694 , 8
695 , 10
696 , 4
697 , 5
698 , 8
699 , 9
700 , 9
701 , 7
702 , 6
703 , 2
704 , 4
705 , 10
706 , 3
707 , 9
708 , 7
709 , 10
710 , 10
711 , 3
712 , 10
713 , 1
714 , 6
715 , 10
716 , 6
717 , 9
718 , 4
719 , 9
720 , 2
721 , 4
722 , 7
723 , 8
724 , 3
725 , 7
726 , 4
727 , 1
728 , 3
729 , 1
730 , 1
731 , 8
732 , 1
733 , 9
734 , 2
735 , 2
736 , 1
737 , 9
738 , 9
739 , 5
740 , 10
741 , 3
742 , 1
743 , 9
744 , 2
745 , 6
746 , 10
747 , 4
748 , 3
749 , 7
750 , 7
751 , 4
752 , 5
753 , 1
754 , 4
755 , 1
756 , 3
757 , 5
758 , 9
759 , 2
760 , 7
761 , 7
762 , 5
763 , 5
764 , 3
765 , 2
766 , 2
767 , 5
768 , 5
769 , 8
770 , 7
771 , 8
772 , 6
773 , 10
774 , 6
775 , 5
776 , 7
777 , 10
778 , 9
779 , 2
780 , 6
781 , 1
782 , 7
783 , 1
784 , 5
785 , 8
786 , 10
787 , 3
788 , 7
789 , 6
790 , 9
791 , 5
792 , 4
793 , 3
794 , 5
795 , 7
796 , 10
797 , 4
798 , 10
799 , 3
800 , 5
801 , 1
802 , 9
803 , 3
804 , 5
805 , 2
806 , 2
807 , 1
808 , 9
809 , 1
810 , 1
811 , 4
812 , 2
813 , 10
814 , 7
815 , 6
816 , 7
817 , 3
818 , 5
819 , 10
820 , 3
821 , 3
822 , 8
823 , 2
824 , 2
825 , 9
826 , 2
827 , 9
828 , 5
829 , 5
830 , 9
831 , 2
832 , 2
833 , 1
834 , 8
835 , 9
836 , 1
837 , 6
838 , 9
839 , 2
840 , 7
841 , 6
842 , 10
843 , 9
844 , 7
845 , 2
846 , 3
847 , 8
848 , 8
849 , 6
850 , 3
851 , 8
852 , 3
853 , 9
854 , 6
855 , 7
856 , 5
857 , 7
858 , 7
859 , 3
860 , 8
861 , 3
862 , 1
863 , 5
864 , 5
865 , 4
866 , 3
867 , 2
868 , 1
869 , 6
870 , 4
871 , 9
872 , 4
873 , 7
874 , 8
875 , 6
876 , 3
877 , 6
878 , 8
879 , 4
880 , 8
881 , 10
882 , 8
883 , 7
884 , 5
885 , 1
886 , 8
887 , 9
888 , 2
889 , 3
890 , 3
891 , 4
892 , 2
893 , 8
894 , 3
895 , 1
896 , 1
897 , 5
898 , 2
899 , 7
900 , 10
901 , 4
902 , 4
903 , 6
904 , 9
905 , 3
906 , 3
907 , 9
908 , 3
909 , 3
910 , 4
911 , 1
912 , 9
913 , 9
914 , 10
915 , 7
916 , 7
917 , 2
918 , 1
919 , 8
920 , 9
921 , 7
922 , 6
923 , 8
924 , 1
925 , 4
926 , 7
927 , 2
928 , 10
929 , 2
930 , 7
931 , 1
932 , 3
933 , 10
934 , 4
935 , 8
936 , 10
937 , 5
938 , 5
939 , 6
940 , 9
941 , 1
942 , 5
943 , 1
944 , 4
945 , 3
946 , 4
947 , 7
948 , 9
949 , 10
950 , 4
951 , 3
952 , 2
953 , 10
954 , 4
955 , 8
956 , 9
957 , 10
958 , 3
959 , 9
960 , 4
961 , 8
962 , 7
963 , 9
964 , 6
965 , 6
966 , 5
967 , 10
968 , 6
969 , 9
970 , 2
971 , 5
972 , 9
973 , 2
974 , 7
975 , 1
976 , 8
977 , 2
978 , 7
979 , 7
980 , 8
981 , 1
982 , 9
983 , 5
984 , 4
985 , 1
986 , 10
987 , 8
988 , 3
989 , 10
990 , 1
991 , 3
992 , 3
993 , 3
994 , 7
995 , 2
996 , 3
997 , 7
998 , 1
999 , 10
1000 , 10
1001 , 5
1002 , 7
1003 , 9
1004 , 3
1005 , 3
1006 , 5
1007 , 8
1008 , 2
1009 , 2
1010 , 2
1011 , 5
1012 , 7
1013 , 6
1014 , 6
1015 , 9
1016 , 3
1017 , 3
1018 , 8
1019 , 4
1020 , 2
1021 , 6
1022 , 9
1023 , 10
1024 , 1
1025 , 8
1026 , 1
1027 , 3
1028 , 7
1029 , 1
1030 , 7
1031 , 5
1032 , 5
1033 , 4
1034 , 2
1035 , 7
1036 , 4
1037 , 7
1038 , 4
1039 , 4
1040 , 5
1041 , 3
1042 , 9
1043 , 8
1044 , 1
1045 , 10
1046 , 3
1047 , 10
1048 , 7
1049 , 5
1050 , 10
1051 , 5
1052 , 1
1053 , 8
1054 , 4
1055 , 9
1056 , 9
1057 , 3
1058 , 8
1059 , 8
1060 , 3
1061 , 8
1062 , 4
1063 , 4
1064 , 1
1065 , 2
1066 , 1
1067 , 6
1068 , 10
1069 , 9
1070 , 5
1071 , 2
1072 , 4
1073 , 10
1074 , 10
1075 , 10
1076 , 5
1077 , 4
1078 , 1
1079 , 9
1080 , 10
1081 , 2
1082 , 2
1083 , 10
1084 , 2
1085 , 6
1086 , 5
1087 , 2
1088 , 8
1089 , 8
1090 , 4
1091 , 4
1092 , 9
1093 , 5
1094 , 9
1095 , 9
1096 , 6
1097 , 5
1098 , 1
1099 , 7
1100 , 2
1101 , 2
1102 , 2
1103 , 5
1104 , 5
1105 , 1
1106 , 4
1107 , 8
1108 , 7
1109 , 4
1110 , 8
1111 , 6
1112 , 5
1113 , 10
1114 , 5
1115 , 8
1116 , 4
1117 , 6
1118 , 9
1119 , 4
1120 , 9
1121 , 2
1122 , 4
1123 , 1
1124 , 1
1125 , 2
1126 , 2
1127 , 7
1128 , 2
1129 , 3
1130 , 9
1131 , 6
1132 , 2
1133 , 6
1134 , 9
1135 , 5
1136 , 1
1137 , 6
1138 , 9
1139 , 6
1140 , 7
1141 , 4
1142 , 5
1143 , 6
1144 , 7
1145 , 1
1146 , 8
1147 , 3
1148 , 8
1149 , 3
1150 , 2
1151 , 1
1152 , 2
1153 , 5
1154 , 7
1155 , 8
1156 , 6
1157 , 8
1158 , 2
1159 , 2
1160 , 6
1161 , 5
1162 , 8
1163 , 1
1164 , 10
1165 , 10
1166 , 7
1167 , 10
1168 , 3
1169 , 6
1170 , 7
1171 , 5
1172 , 5
1173 , 8
1174 , 6
1175 , 2
1176 , 1
1177 , 4
1178 , 10
1179 , 2
1180 , 9
1181 , 2
1182 , 7
1183 , 4
1184 , 3
1185 , 4
1186 , 4
1187 , 3
1188 , 6
1189 , 5
1190 , 10
1191 , 7
1192 , 7
1193 , 8
1194 , 7
1195 , 7
1196 , 5
1197 , 3
1198 , 9
1199 , 10
1200 , 8
1201 , 7
1202 , 1
1203 , 3
1204 , 9
1205 , 5
1206 , 1
1207 , 1
1208 , 7
1209 , 5
1210 , 2
1211 , 4
1212 , 5
1213 , 10
1214 , 4
1215 , 4
1216 , 2
1217 , 5
1218 , 7
1219 , 2
1220 , 9
1221 , 4
1222 , 2
1223 , 4
1224 , 5
1225 , 8
1226 , 8
1227 , 7
1228 , 1
1229 , 7
1230 , 7
1231 , 7
1232 , 3
1233 , 8
1234 , 6
1235 , 7
1236 , 4
1237 , 1
1238 , 8
1239 , 1
1240 , 6
1241 , 10
1242 , 2
1243 , 5
1244 , 6
1245 , 4
1246 , 4
1247 , 4
1248 , 9
1249 , 4
1250 , 3
1251 , 6
1252 , 6
1253 , 1
1254 , 5
1255 , 3
1256 , 9
1257 , 5
1258 , 1
1259 , 1
1260 , 5
1261 , 1
1262 , 8
1263 , 2
1264 , 6
1265 , 1
1266 , 3
1267 , 5
1268 , 9
1269 , 3
1270 , 9
1271 , 7
1272 , 1
1273 , 6
1274 , 3
1275 , 8
1276 , 8
1277 , 3
1278 , 7
1279 , 2
1280 , 2
1281 , 6
1282 , 6
1283 , 8
1284 , 3
1285 , 1
1286 , 9
1287 , 8
1288 , 8
1289 , 2
1290 , 7
1291 , 6
1292 , 6
1293 , 1
1294 , 3
1295 , 9
1296 , 5
1297 , 8
1298 , 3
1299 , 8
1300 , 5
1301 , 4
1302 , 2
1303 , 1
1304 , 8
1305 , 2
1306 , 1
1307 , 10
1308 , 1
1309 , 8
1310 , 8
1311 , 4
1312 , 6
1313 , 5
1314 , 10
1315 , 10
1316 , 2
1317 , 8
1318 , 4
1319 , 6
1320 , 9
1321 , 8
1322 , 8
1323 , 5
1324 , 3
1325 , 1
1326 , 3
1327 , 1
1328 , 4
1329 , 6
1330 , 7
1331 , 5
1332 , 5
1333 , 9
1334 , 6
1335 , 9
1336 , 4
1337 , 2
1338 , 7
1339 , 10
1340 , 7
1341 , 1
1342 , 10
1343 , 8
1344 , 8
1345 , 3
1346 , 10
1347 , 4
1348 , 7
1349 , 2
1350 , 8
1351 , 10
1352 , 6
1353 , 2
1354 , 1
1355 , 8
1356 , 2
1357 , 3
1358 , 10
1359 , 4
1360 , 7
1361 , 7
1362 , 4
1363 , 8
1364 , 9
1365 , 8
1366 , 10
1367 , 9
1368 , 2
1369 , 1
1370 , 7
1371 , 4
1372 , 6
1373 , 4
1374 , 6
1375 , 2
1376 , 9
1377 , 6
1378 , 1
1379 , 6
1380 , 3
1381 , 1
1382 , 4
1383 , 3
1384 , 2
1385 , 1
1386 , 4
1387 , 1
1388 , 4
1389 , 2
1390 , 1
1391 , 8
1392 , 5
1393 , 8
1394 , 5
1395 , 2
1396 , 6
1397 , 7
1398 , 6
1399 , 8
1400 , 10
1401 , 5
1402 , 4
1403 , 4
1404 , 3
1405 , 2
1406 , 3
1407 , 8
1408 , 5
1409 , 10
1410 , 6
1411 , 5
1412 , 10
1413 , 2
1414 , 3
1415 , 3
1416 , 9
1417 , 2
1418 , 8
1419 , 4
1420 , 3
1421 , 4
1422 , 8
1423 , 10
1424 , 2
1425 , 1
1426 , 9
1427 , 6
1428 , 10
1429 , 8
1430 , 4
1431 , 10
1432 , 8
1433 , 4
1434 , 5
1435 , 2
1436 , 7
1437 , 2
1438 , 9
1439 , 4
1440 , 3
1441 , 7
1442 , 1
1443 , 1
1444 , 1
1445 , 1
1446 , 10
1447 , 1
1448 , 4
1449 , 9
1450 , 4
1451 , 4
1452 , 9
1453 , 8
1454 , 3
1455 , 7
1456 , 5
1457 , 9
1458 , 4
1459 , 3
1460 , 6
1461 , 7
1462 , 5
1463 , 6
1464 , 1
1465 , 8
1466 , 9
1467 , 4
1468 , 7
1469 , 10
1470 , 2
1471 , 7
1472 , 1
1473 , 10
1474 , 2
1475 , 5
1476 , 5
1477 , 7
1478 , 8
1479 , 6
1480 , 5
1481 , 8
1482 , 7
1483 , 5
1484 , 1
1485 , 5
1486 , 3
1487 , 10
1488 , 9
1489 , 4
1490 , 6
1491 , 1
1492 , 1
1493 , 7
1494 , 1
1495 , 9
1496 , 7
1497 , 9
1498 , 1
1499 , 2
1500 , 3
1501 , 9
1502 , 10
1503 , 4
1504 , 1
1505 , 10
1506 , 9
1507 , 7
1508 , 10
1509 , 3
1510 , 3
1511 , 7
1512 , 8
1513 , 4
1514 , 8
1515 , 8
1516 , 10
1517 , 7
1518 , 10
1519 , 1
1520 , 9
1521 , 9
1522 , 10
1523 , 10
1524 , 4
1525 , 8
1526 , 2
1527 , 7
1528 , 5
1529 , 2
1530 , 5
1531 , 6
1532 , 7
1533 , 5
1534 , 1
1535 , 7
1536 , 5
1537 , 4
1538 , 1
1539 , 7
1540 , 10
1541 , 8
1542 , 3
1543 , 5
1544 , 10
1545 , 5
1546 , 2
1547 , 5
1548 , 10
1549 , 1
1550 , 4
1551 , 2
1552 , 6
1553 , 5
1554 , 1
1555 , 4
1556 , 7
1557 , 6
1558 , 4
1559 , 4
1560 , 2
1561 , 8
1562 , 7
1563 , 4
1564 , 7
1565 , 6
1566 , 6
1567 , 6
1568 , 9
1569 , 2
1570 , 9
1571 , 1
1572 , 4
1573 , 10
1574 , 4
1575 , 8
1576 , 2
1577 , 1
1578 , 7
1579 , 4
1580 , 4
1581 , 9
1582 , 6
1583 , 5
1584 , 7
1585 , 1
1586 , 10
1587 , 3
1588 , 4
1589 , 2
1590 , 7
1591 , 7
1592 , 2
1593 , 4
1594 , 8
1595 , 6
1596 , 7
1597 , 1
1598 , 2
1599 , 9
1600 , 3
1601 , 6
1602 , 6
1603 , 7
1604 , 3
1605 , 2
1606 , 5
1607 , 7
1608 , 8
1609 , 6
1610 , 2
1611 , 7
1612 , 5
1613 , 5
1614 , 3
1615 , 9
1616 , 4
1617 , 9
1618 , 1
1619 , 6
1620 , 7
1621 , 7
1622 , 6
1623 , 8
1624 , 3
1625 , 9
1626 , 5
1627 , 6
1628 , 2
1629 , 1
1630 , 2
1631 , 9
1632 , 5
1633 , 6
1634 , 6
1635 , 4
1636 , 7
1637 , 4
1638 , 8
1639 , 1
1640 , 4
1641 , 8
1642 , 2
1643 , 4
1644 , 10
1645 , 8
1646 , 2
1647 , 3
1648 , 5
1649 , 2
1650 , 10
1651 , 9
1652 , 10
1653 , 10
1654 , 5
1655 , 10
1656 , 3
1657 , 4
1658 , 2
1659 , 9
1660 , 2
1661 , 6
1662 , 4
1663 , 6
1664 , 8
1665 , 7
1666 , 10
1667 , 9
1668 , 7
1669 , 3
1670 , 5
1671 , 2
1672 , 4
1673 , 1
1674 , 7
1675 , 10
1676 , 2
1677 , 6
1678 , 6
1679 , 3
1680 , 9
1681 , 7
1682 , 8
1683 , 4
1684 , 5
1685 , 8
1686 , 2
1687 , 3
1688 , 8
1689 , 2
1690 , 8
1691 , 6
1692 , 7
1693 , 10
1694 , 1
1695 , 5
1696 , 8
1697 , 5
1698 , 2
1699 , 10
1700 , 10
1701 , 6
1702 , 2
1703 , 6
1704 , 5
1705 , 4
1706 , 2
1707 , 4
1708 , 9
1709 , 6
1710 , 9
1711 , 10
1712 , 4
1713 , 9
1714 , 7
1715 , 9
1716 , 6
1717 , 2
1718 , 9
1719 , 8
1720 , 2
1721 , 9
1722 , 9
1723 , 7
1724 , 2
1725 , 10
1726 , 10
1727 , 8
1728 , 3
1729 , 3
1730 , 9
1731 , 3
1732 , 3
1733 , 6
1734 , 3
1735 , 8
1736 , 3
1737 , 5
1738 , 7
1739 , 6
1740 , 7
1741 , 4
1742 , 7
1743 , 2
1744 , 4
1745 , 8
1746 , 2
1747 , 10
1748 , 9
1749 , 1
1750 , 9
1751 , 1
1752 , 1
1753 , 10
1754 , 8
1755 , 9
1756 , 10
1757 , 9
1758 , 2
1759 , 6
1760 , 3
1761 , 1
1762 , 1
1763 , 3
1764 , 6
1765 , 9
1766 , 9
1767 , 6
1768 , 3
1769 , 2
1770 , 7
1771 , 4
1772 , 6
1773 , 9
1774 , 10
1775 , 2
1776 , 4
1777 , 2
1778 , 9
1779 , 7
1780 , 8
1781 , 3
1782 , 5
1783 , 1
1784 , 9
1785 , 10
1786 , 9
1787 , 10
1788 , 7
1789 , 4
1790 , 3
1791 , 5
1792 , 3
1793 , 7
1794 , 3
1795 , 2
1796 , 2
1797 , 9
1798 , 1
1799 , 10
1800 , 5
1801 , 8
1802 , 5
1803 , 1
1804 , 7
1805 , 8
1806 , 4
1807 , 7
1808 , 2
1809 , 3
1810 , 5
1811 , 8
1812 , 1
1813 , 7
1814 , 5
1815 , 10
1816 , 10
1817 , 9
1818 , 4
1819 , 8
1820 , 7
1821 , 3
1822 , 4
1823 , 2
1824 , 5
1825 , 9
1826 , 8
1827 , 9
1828 , 9
1829 , 1
1830 , 4
1831 , 1
1832 , 5
1833 , 2
1834 , 9
1835 , 9
1836 , 2
1837 , 3
1838 , 10
1839 , 7
1840 , 3
1841 , 4
1842 , 8
1843 , 3
1844 , 4
1845 , 10
1846 , 5
1847 , 6
1848 , 5
1849 , 5
1850 , 5
1851 , 1
1852 , 3
1853 , 2
1854 , 4
1855 , 4
1856 , 10
1857 , 8
1858 , 9
1859 , 10
1860 , 5
1861 , 7
1862 , 5
1863 , 9
1864 , 7
1865 , 5
1866 , 9
1867 , 6
1868 , 1
1869 , 6
1870 , 6
1871 , 2
1872 , 9
1873 , 4
1874 , 9
1875 , 2
1876 , 6
1877 , 7
1878 , 4
1879 , 2
1880 , 8
1881 , 9
1882 , 4
1883 , 7
1884 , 8
1885 , 4
1886 , 9
1887 , 1
1888 , 1
1889 , 8
1890 , 7
1891 , 6
1892 , 7
1893 , 6
1894 , 5
1895 , 10
1896 , 5
1897 , 7
1898 , 9
1899 , 1
1900 , 5
1901 , 2
1902 , 6
1903 , 1
1904 , 4
1905 , 2
1906 , 8
1907 , 4
1908 , 2
1909 , 7
1910 , 9
1911 , 5
1912 , 7
1913 , 5
1914 , 8
1915 , 2
1916 , 9
1917 , 1
1918 , 1
1919 , 7
1920 , 4
1921 , 4
1922 , 1
1923 , 9
1924 , 8
1925 , 5
1926 , 7
1927 , 1
1928 , 4
1929 , 4
1930 , 3
1931 , 4
1932 , 3
1933 , 7
1934 , 6
1935 , 3
1936 , 6
1937 , 10
1938 , 3
1939 , 8
1940 , 8
1941 , 1
1942 , 4
1943 , 4
1944 , 4
1945 , 7
1946 , 7
1947 , 6
1948 , 1
1949 , 3
1950 , 4
1951 , 8
1952 , 2
1953 , 9
1954 , 3
1955 , 9
1956 , 5
1957 , 5
1958 , 4
1959 , 1
1960 , 10
1961 , 6
1962 , 4
1963 , 1
1964 , 3
1965 , 3
1966 , 4
1967 , 7
1968 , 8
1969 , 4
1970 , 1
1971 , 2
1972 , 8
1973 , 10
1974 , 1
1975 , 7
1976 , 5
1977 , 9
1978 , 1
1979 , 4
1980 , 5
1981 , 2
1982 , 9
1983 , 2
1984 , 9
1985 , 5
1986 , 8
1987 , 5
1988 , 1
1989 , 1
1990 , 3
1991 , 4
1992 , 4
1993 , 4
1994 , 2
1995 , 10
1996 , 2
1997 , 9
1998 , 3
1999 , 2
2000 , 9
2001 , 5
2002 , 8
2003 , 10
2004 , 7
2005 , 9
2006 , 6
2007 , 4
2008 , 4
2009 , 5
2010 , 1
2011 , 8
2012 , 10
2013 , 10
2014 , 7
2015 , 7
2016 , 2
2017 , 8
2018 , 3
2019 , 9
2020 , 6
2021 , 8
2022 , 2
2023 , 5
2024 , 1
2025 , 1
2026 , 1
2027 , 9
2028 , 6
2029 , 4
2030 , 5
2031 , 5
2032 , 7
2033 , 7
2034 , 9
2035 , 3
2036 , 9
2037 , 10
2038 , 4
2039 , 9
2040 , 9
2041 , 4
2042 , 4
2043 , 7
2044 , 3
2045 , 8
2046 , 4
2047 , 7
2048 , 9
2049 , 1
2050 , 5
2051 , 2
2052 , 7
2053 , 2
2054 , 2
2055 , 8
2056 , 1
2057 , 8
2058 , 10
2059 , 1
2060 , 9
2061 , 8
2062 , 4
2063 , 10
2064 , 8
2065 , 5
2066 , 10
2067 , 4
2068 , 7
2069 , 4
2070 , 5
2071 , 7
2072 , 5
2073 , 10
2074 , 8
2075 , 1
2076 , 1
2077 , 10
2078 , 10
2079 , 3
2080 , 5
2081 , 2
2082 , 9
2083 , 3
2084 , 10
2085 , 5
2086 , 1
2087 , 5
2088 , 8
2089 , 3
2090 , 5
2091 , 8
2092 , 2
2093 , 1
2094 , 9
2095 , 4
2096 , 4
2097 , 7
2098 , 8
2099 , 7
2100 , 9
2101 , 8
2102 , 8
2103 , 9
2104 , 5
2105 , 10
2106 , 9
2107 , 8
2108 , 9
2109 , 10
2110 , 9
2111 , 7
2112 , 5
2113 , 2
2114 , 6
2115 , 10
2116 , 9
2117 , 2
2118 , 9
2119 , 4
2120 , 4
2121 , 8
2122 , 6
2123 , 1
2124 , 1
2125 , 8
2126 , 5
2127 , 8
2128 , 8
2129 , 8
2130 , 3
2131 , 6
2132 , 7
2133 , 10
2134 , 7
2135 , 6
2136 , 3
2137 , 4
2138 , 8
2139 , 2
2140 , 8
2141 , 1
2142 , 3
2143 , 3
2144 , 5
2145 , 6
2146 , 5
2147 , 7
2148 , 10
2149 , 2
2150 , 4
2151 , 5
2152 , 2
2153 , 8
2154 , 6
2155 , 10
2156 , 10
2157 , 2
2158 , 2
2159 , 1
2160 , 3
2161 , 4
2162 , 8
2163 , 8
2164 , 7
2165 , 6
2166 , 2
2167 , 9
2168 , 10
2169 , 5
2170 , 2
2171 , 5
2172 , 8
2173 , 1
2174 , 10
2175 , 9
2176 , 7
2177 , 9
2178 , 5
2179 , 2
2180 , 2
2181 , 8
2182 , 2
2183 , 8
2184 , 7
2185 , 9
2186 , 5
2187 , 10
2188 , 8
2189 , 9
2190 , 6
2191 , 1
2192 , 1
2193 , 9
2194 , 5
2195 , 9
2196 , 8
2197 , 10
2198 , 7
2199 , 3
2200 , 7
2201 , 3
2202 , 10
2203 , 4
2204 , 3
2205 , 9
2206 , 4
2207 , 4
2208 , 8
2209 , 9
2210 , 5
2211 , 10
2212 , 1
2213 , 10
2214 , 3
2215 , 1
2216 , 10
2217 , 4
2218 , 9
2219 , 4
2220 , 8
2221 , 5
2222 , 8
2223 , 4
2224 , 10
2225 , 7
2226 , 4
2227 , 4
2228 , 4
2229 , 4
2230 , 7
2231 , 10
2232 , 3
2233 , 10
2234 , 9
2235 , 10
2236 , 3
2237 , 6
2238 , 2
2239 , 9
2240 , 1
2241 , 1
2242 , 9
2243 , 1
2244 , 6
2245 , 4
2246 , 7
2247 , 8
2248 , 9
2249 , 1
2250 , 1
2251 , 6
2252 , 4
2253 , 3
2254 , 6
2255 , 7
2256 , 2
2257 , 10
2258 , 10
2259 , 4
2260 , 8
2261 , 9
2262 , 1
2263 , 8
2264 , 5
2265 , 5
2266 , 5
2267 , 4
2268 , 7
2269 , 6
2270 , 8
2271 , 9
2272 , 7
2273 , 1
2274 , 6
2275 , 7
2276 , 6
2277 , 7
2278 , 9
2279 , 1
2280 , 8
2281 , 4
2282 , 6
2283 , 3
2284 , 2
2285 , 3
2286 , 8
2287 , 8
2288 , 9
2289 , 3
2290 , 1
2291 , 3
2292 , 8
2293 , 6
2294 , 5
2295 , 1
2296 , 4
2297 , 4
2298 , 2
2299 , 3
2300 , 2
2301 , 2
2302 , 9
2303 , 10
2304 , 2
2305 , 5
2306 , 10
2307 , 6
2308 , 5
2309 , 3
2310 , 3
2311 , 6
2312 , 6
2313 , 4
2314 , 3
2315 , 1
2316 , 4
2317 , 8
2318 , 3
2319 , 4
2320 , 10
2321 , 8
2322 , 3
2323 , 5
2324 , 5
2325 , 7
2326 , 9
2327 , 9
2328 , 1
2329 , 10
2330 , 5
2331 , 1
2332 , 6
2333 , 5
2334 , 10
2335 , 8
2336 , 9
2337 , 10
2338 , 1
2339 , 3
2340 , 10
2341 , 9
2342 , 8
2343 , 1
2344 , 5
2345 , 1
2346 , 3
2347 , 1
2348 , 4
2349 , 7
2350 , 1
2351 , 5
2352 , 3
2353 , 4
2354 , 8
2355 , 7
2356 , 9
2357 , 10
2358 , 4
2359 , 7
2360 , 3
2361 , 5
2362 , 10
2363 , 4
2364 , 5
2365 , 2
2366 , 1
2367 , 6
2368 , 2
2369 , 2
2370 , 4
2371 , 10
2372 , 9
2373 , 5
2374 , 6
2375 , 10
2376 , 2
2377 , 5
2378 , 3
2379 , 3
2380 , 9
2381 , 3
2382 , 1
2383 , 5
2384 , 7
2385 , 5
2386 , 8
2387 , 8
2388 , 7
2389 , 5
2390 , 6
2391 , 8
2392 , 7
2393 , 3
2394 , 8
2395 , 9
2396 , 6
2397 , 7
2398 , 9
2399 , 2
2400 , 6
2401 , 9
2402 , 5
2403 , 6
2404 , 5
2405 , 6
2406 , 7
2407 , 9
2408 , 7
2409 , 5
2410 , 7
2411 , 5
2412 , 4
2413 , 10
2414 , 2
2415 , 9
2416 , 3
2417 , 10
2418 , 4
2419 , 9
2420 , 6
2421 , 10
2422 , 2
2423 , 7
2424 , 8
2425 , 1
2426 , 1
2427 , 9
2428 , 8
2429 , 4
2430 , 9
2431 , 7
2432 , 9
2433 , 2
2434 , 2
2435 , 4
2436 , 3
2437 , 3
2438 , 8
2439 , 4
2440 , 9
2441 , 8
2442 , 4
2443 , 3
2444 , 8
2445 , 7
2446 , 8
2447 , 3
2448 , 9
2449 , 8
2450 , 5
2451 , 2
2452 , 8
2453 , 1
2454 , 6
2455 , 6
2456 , 7
2457 , 4
2458 , 10
2459 , 5
2460 , 6
2461 , 5
2462 , 2
2463 , 5
2464 , 3
2465 , 7
2466 , 1
2467 , 1
2468 , 1
2469 , 9
2470 , 10
2471 , 7
2472 , 6
2473 , 1
2474 , 7
2475 , 5
2476 , 10
2477 , 9
2478 , 6
2479 , 9
2480 , 1
2481 , 8
2482 , 10
2483 , 4
2484 , 5
2485 , 1
2486 , 5
2487 , 9
2488 , 9
2489 , 2
2490 , 9
2491 , 8
2492 , 10
2493 , 3
2494 , 1
2495 , 4
2496 , 5
2497 , 1
2498 , 6
2499 , 1
2500 , 2
2501 , 10
2502 , 4
2503 , 3
2504 , 4
2505 , 8
2506 , 6
2507 , 5
2508 , 8
2509 , 3
2510 , 10
2511 , 1
2512 , 3
2513 , 4
2514 , 7
2515 , 7
2516 , 8
2517 , 4
2518 , 5
2519 , 1
2520 , 2
2521 , 4
2522 , 5
2523 , 1
2524 , 8
2525 , 4
2526 , 2
2527 , 9
2528 , 8
2529 , 8
2530 , 4
2531 , 5
2532 , 10
2533 , 3
2534 , 1
2535 , 7
2536 , 10
2537 , 4
2538 , 6
2539 , 5
2540 , 4
2541 , 2
2542 , 8
2543 , 7
2544 , 2
2545 , 8
2546 , 4
2547 , 7
2548 , 3
2549 , 2
2550 , 7
2551 , 7
2552 , 10
2553 , 2
2554 , 1
2555 , 6
2556 , 6
2557 , 5
2558 , 2
2559 , 8
2560 , 9
2561 , 1
2562 , 7
2563 , 9
2564 , 6
2565 , 5
2566 , 7
2567 , 6
2568 , 8
2569 , 8
2570 , 2
2571 , 9
2572 , 3
2573 , 7
2574 , 5
2575 , 9
2576 , 1
2577 , 5
2578 , 10
2579 , 7
2580 , 2
2581 , 9
2582 , 4
2583 , 7
2584 , 10
2585 , 1
2586 , 7
2587 , 7
2588 , 4
2589 , 5
2590 , 4
2591 , 10
2592 , 7
2593 , 4
2594 , 10
2595 , 3
2596 , 9
2597 , 8
2598 , 2
2599 , 7
2600 , 3
2601 , 5
2602 , 9
2603 , 6
2604 , 10
2605 , 8
2606 , 8
2607 , 3
2608 , 6
2609 , 4
2610 , 2
2611 , 5
2612 , 1
2613 , 3
2614 , 10
2615 , 10
2616 , 2
2617 , 9
2618 , 7
2619 , 2
2620 , 7
2621 , 2
2622 , 1
2623 , 8
2624 , 6
2625 , 7
2626 , 7
2627 , 7
2628 , 5
2629 , 10
2630 , 9
2631 , 6
2632 , 6
2633 , 1
2634 , 2
2635 , 2
2636 , 6
2637 , 7
2638 , 5
2639 , 2
2640 , 6
2641 , 10
2642 , 3
2643 , 6
2644 , 9
2645 , 1
2646 , 4
2647 , 6
2648 , 8
2649 , 9
2650 , 8
2651 , 5
2652 , 4
2653 , 4
2654 , 9
2655 , 7
2656 , 10
2657 , 9
2658 , 9
2659 , 4
2660 , 9
2661 , 10
2662 , 4
2663 , 9
2664 , 2
2665 , 8
2666 , 3
2667 , 10
2668 , 3
2669 , 8
2670 , 9
2671 , 2
2672 , 5
2673 , 8
2674 , 2
2675 , 10
2676 , 9
2677 , 7
2678 , 4
2679 , 7
2680 , 7
2681 , 7
2682 , 4
2683 , 7
2684 , 8
2685 , 2
2686 , 3
2687 , 10
2688 , 4
2689 , 4
2690 , 7
2691 , 2
2692 , 2
2693 , 10
2694 , 9
2695 , 5
2696 , 10
2697 , 2
2698 , 3
2699 , 4
2700 , 4
2701 , 7
2702 , 5
2703 , 2
2704 , 6
2705 , 2
2706 , 7
2707 , 8
2708 , 1
2709 , 3
2710 , 9
2711 , 3
2712 , 10
2713 , 9
2714 , 4
2715 , 8
2716 , 2
2717 , 1
2718 , 3
2719 , 8
2720 , 2
2721 , 2
2722 , 1
2723 , 3
2724 , 7
2725 , 3
2726 , 6
2727 , 7
2728 , 4
2729 , 10
2730 , 2
2731 , 8
2732 , 10
2733 , 8
2734 , 7
2735 , 6
2736 , 2
2737 , 8
2738 , 1
2739 , 9
2740 , 6
2741 , 8
2742 , 8
2743 , 9
2744 , 7
2745 , 4
2746 , 9
2747 , 7
2748 , 3
2749 , 3
2750 , 9
2751 , 1
2752 , 1
2753 , 9
2754 , 3
2755 , 6
2756 , 7
2757 , 2
2758 , 2
2759 , 10
2760 , 10
2761 , 6
2762 , 5
2763 , 1
2764 , 9
2765 , 6
2766 , 3
2767 , 7
2768 , 1
2769 , 4
2770 , 9
2771 , 4
2772 , 5
2773 , 5
2774 , 5
2775 , 4
2776 , 2
2777 , 4
2778 , 6
2779 , 10
2780 , 9
2781 , 8
2782 , 2
2783 , 6
2784 , 3
2785 , 4
2786 , 8
2787 , 5
2788 , 8
2789 , 5
2790 , 10
2791 , 4
2792 , 6
2793 , 4
2794 , 4
2795 , 2
2796 , 9
2797 , 7
2798 , 2
2799 , 9
2800 , 3
2801 , 8
2802 , 10
2803 , 8
2804 , 7
2805 , 10
2806 , 4
2807 , 8
2808 , 8
2809 , 8
2810 , 9
2811 , 6
2812 , 8
2813 , 10
2814 , 5
2815 , 1
2816 , 9
2817 , 2
2818 , 8
2819 , 5
2820 , 5
2821 , 8
2822 , 4
2823 , 8
2824 , 8
2825 , 9
2826 , 1
2827 , 7
2828 , 7
2829 , 6
2830 , 8
2831 , 9
2832 , 1
2833 , 6
2834 , 7
2835 , 3
2836 , 7
2837 , 5
2838 , 7
2839 , 1
2840 , 8
2841 , 7
2842 , 1
2843 , 8
2844 , 7
2845 , 3
2846 , 5
2847 , 8
2848 , 6
2849 , 1
2850 , 9
2851 , 4
2852 , 4
2853 , 5
2854 , 3
2855 , 8
2856 , 7
2857 , 9
2858 , 4
2859 , 2
2860 , 7
2861 , 2
2862 , 4
2863 , 4
2864 , 7
2865 , 7
2866 , 2
2867 , 10
2868 , 2
2869 , 10
2870 , 4
2871 , 1
2872 , 10
2873 , 3
2874 , 2
2875 , 3
2876 , 5
2877 , 8
2878 , 2
2879 , 5
2880 , 2
2881 , 5
2882 , 6
2883 , 7
2884 , 8
2885 , 10
2886 , 8
2887 , 10
2888 , 9
2889 , 1
2890 , 6
2891 , 8
2892 , 5
2893 , 1
2894 , 4
2895 , 10
2896 , 2
2897 , 8
2898 , 7
2899 , 5
2900 , 2
2901 , 3
2902 , 2
2903 , 8
2904 , 9
2905 , 2
2906 , 8
2907 , 2
2908 , 2
2909 , 2
2910 , 3
2911 , 2
2912 , 4
2913 , 6
2914 , 4
2915 , 9
2916 , 3
2917 , 8
2918 , 6
2919 , 4
2920 , 2
2921 , 10
2922 , 3
2923 , 9
2924 , 6
2925 , 2
2926 , 9
2927 , 1
2928 , 10
2929 , 7
2930 , 3
2931 , 5
2932 , 2
2933 , 1
2934 , 8
2935 , 5
2936 , 6
2937 , 9
2938 , 1
2939 , 9
2940 , 6
2941 , 7
2942 , 4
2943 , 10
2944 , 6
2945 , 4
2946 , 5
2947 , 7
2948 , 3
2949 , 4
2950 , 3
2951 , 2
2952 , 4
2953 , 9
2954 , 8
2955 , 8
2956 , 4
2957 , 4
2958 , 6
2959 , 7
2960 , 9
2961 , 8
2962 , 4
2963 , 6
2964 , 5
2965 , 10
2966 , 10
2967 , 10
2968 , 1
2969 , 9
2970 , 5
2971 , 7
2972 , 1
2973 , 9
2974 , 8
2975 , 5
2976 , 8
2977 , 10
2978 , 8
2979 , 9
2980 , 6
2981 , 1
2982 , 10
2983 , 8
2984 , 9
2985 , 5
2986 , 6
2987 , 3
2988 , 6
2989 , 2
2990 , 5
2991 , 10
2992 , 9
2993 , 4
2994 , 9
2995 , 7
2996 , 10
2997 , 3
2998 , 8
2999 , 6
3000 , 10
3001 , 4
3002 , 4
3003 , 10
3004 , 5
3005 , 6
3006 , 5
3007 , 6
3008 , 3
3009 , 5
3010 , 9
3011 , 8
3012 , 4
3013 , 5
3014 , 2
3015 , 10
3016 , 9
3017 , 3
3018 , 2
3019 , 3
3020 , 10
3021 , 3
3022 , 2
3023 , 1
3024 , 6
3025 , 3
3026 , 3
3027 , 7
3028 , 9
3029 , 4
3030 , 8
3031 , 9
3032 , 7
3033 , 8
3034 , 2
3035 , 5
3036 , 4
3037 , 3
3038 , 5
3039 , 4
3040 , 4
3041 , 8
3042 , 3
3043 , 5
3044 , 4
3045 , 5
3046 , 8
3047 , 7
3048 , 1
3049 , 2
3050 , 4
3051 , 2
3052 , 2
3053 , 3
3054 , 2
3055 , 10
3056 , 6
3057 , 2
3058 , 1
3059 , 6
3060 , 1
3061 , 1
3062 , 8
3063 , 7
3064 , 9
3065 , 3
3066 , 1
3067 , 3
3068 , 9
3069 , 10
3070 , 5
3071 , 2
3072 , 4
3073 , 5
3074 , 1
3075 , 5
3076 , 4
3077 , 1
3078 , 4
3079 , 5
3080 , 2
3081 , 8
3082 , 2
3083 , 9
3084 , 1
3085 , 7
3086 , 3
3087 , 2
3088 , 6
3089 , 8
3090 , 5
3091 , 10
3092 , 9
3093 , 6
3094 , 5
3095 , 7
3096 , 8
3097 , 5
3098 , 6
3099 , 6
3100 , 4
3101 , 8
3102 , 3
3103 , 10
3104 , 1
3105 , 7
3106 , 3
3107 , 4
3108 , 9
3109 , 10
3110 , 3
3111 , 9
3112 , 9
3113 , 3
3114 , 9
3115 , 5
3116 , 2
3117 , 6
3118 , 8
3119 , 5
3120 , 9
3121 , 10
3122 , 4
3123 , 8
3124 , 2
3125 , 4
3126 , 3
3127 , 10
3128 , 1
3129 , 7
3130 , 4
3131 , 9
3132 , 3
3133 , 6
3134 , 7
3135 , 1
3136 , 1
3137 , 3
3138 , 7
3139 , 9
3140 , 3
3141 , 8
3142 , 7
3143 , 6
3144 , 7
3145 , 9
3146 , 8
3147 , 9
3148 , 7
3149 , 2
3150 , 8
3151 , 9
3152 , 1
3153 , 4
3154 , 8
3155 , 1
3156 , 7
3157 , 3
3158 , 9
3159 , 10
3160 , 1
3161 , 5
3162 , 2
3163 , 8
3164 , 3
3165 , 1
3166 , 1
3167 , 4
3168 , 6
3169 , 10
3170 , 2
3171 , 1
3172 , 4
3173 , 2
3174 , 5
3175 , 2
3176 , 5
3177 , 8
3178 , 2
3179 , 4
3180 , 4
3181 , 4
3182 , 4
3183 , 7
3184 , 7
3185 , 10
3186 , 8
3187 , 3
3188 , 3
3189 , 4
3190 , 5
3191 , 8
3192 , 7
3193 , 8
3194 , 7
3195 , 3
3196 , 4
3197 , 1
3198 , 10
3199 , 10
3200 , 1
3201 , 10
3202 , 7
3203 , 3
3204 , 7
3205 , 6
3206 , 8
3207 , 6
3208 , 7
3209 , 6
3210 , 10
3211 , 2
3212 , 1
3213 , 4
3214 , 10
3215 , 2
3216 , 8
3217 , 8
3218 , 2
3219 , 6
3220 , 3
3221 , 6
3222 , 10
3223 , 4
3224 , 2
3225 , 6
3226 , 3
3227 , 6
3228 , 2
3229 , 1
3230 , 3
3231 , 2
3232 , 10
3233 , 8
3234 , 7
3235 , 2
3236 , 7
3237 , 1
3238 , 5
3239 , 7
3240 , 7
3241 , 2
3242 , 10
3243 , 4
3244 , 2
3245 , 7
3246 , 1
3247 , 1
3248 , 8
3249 , 2
3250 , 3
3251 , 10
3252 , 2
3253 , 7
3254 , 1
3255 , 4
3256 , 4
3257 , 9
3258 , 10
3259 , 8
3260 , 7
3261 , 3
3262 , 8
3263 , 3
3264 , 4
3265 , 1
3266 , 3
3267 , 9
3268 , 7
3269 , 3
3270 , 8
3271 , 8
3272 , 10
3273 , 5
3274 , 2
3275 , 1
3276 , 4
3277 , 7
3278 , 4
3279 , 10
3280 , 1
3281 , 10
3282 , 5
3283 , 6
3284 , 9
3285 , 8
3286 , 1
3287 , 10
3288 , 4
3289 , 8
3290 , 9
3291 , 9
3292 , 2
3293 , 7
3294 , 5
3295 , 4
3296 , 1
3297 , 9
3298 , 6
3299 , 4
3300 , 2
3301 , 2
3302 , 3
3303 , 8
3304 , 4
3305 , 3
3306 , 10
3307 , 6
3308 , 6
3309 , 1
3310 , 10
3311 , 3
3312 , 1
3313 , 3
3314 , 6
3315 , 8
3316 , 9
3317 , 3
3318 , 9
3319 , 3
3320 , 8
3321 , 5
3322 , 8
3323 , 8
3324 , 1
3325 , 2
3326 , 5
3327 , 4
3328 , 4
3329 , 8
3330 , 8
3331 , 3
3332 , 3
3333 , 9
3334 , 5
3335 , 6
3336 , 2
3337 , 2
3338 , 3
3339 , 4
3340 , 2
3341 , 2
3342 , 5
3343 , 6
3344 , 5
3345 , 3
3346 , 2
3347 , 10
3348 , 1
3349 , 5
3350 , 7
3351 , 5
3352 , 4
3353 , 6
3354 , 7
3355 , 2
3356 , 5
3357 , 7
3358 , 2
3359 , 5
3360 , 5
3361 , 3
3362 , 1
3363 , 3
3364 , 3
3365 , 10
3366 , 5
3367 , 8
3368 , 8
3369 , 2
3370 , 10
3371 , 2
3372 , 2
3373 , 4
3374 , 5
3375 , 8
3376 , 5
3377 , 2
3378 , 4
3379 , 8
3380 , 8
3381 , 8
3382 , 3
3383 , 7
3384 , 4
3385 , 3
3386 , 8
3387 , 10
3388 , 1
3389 , 2
3390 , 5
3391 , 7
3392 , 9
3393 , 7
3394 , 1
3395 , 7
3396 , 9
3397 , 1
3398 , 9
3399 , 3
3400 , 8
3401 , 4
3402 , 10
3403 , 3
3404 , 9
3405 , 6
3406 , 10
3407 , 8
3408 , 10
3409 , 3
3410 , 10
3411 , 7
3412 , 4
3413 , 9
3414 , 2
3415 , 5
3416 , 10
3417 , 1
3418 , 5
3419 , 7
3420 , 1
3421 , 8
3422 , 10
3423 , 3
3424 , 2
3425 , 3
3426 , 3
3427 , 3
3428 , 4
3429 , 10
3430 , 1
3431 , 10
3432 , 2
3433 , 5
3434 , 1
3435 , 8
3436 , 2
3437 , 2
3438 , 1
3439 , 2
3440 , 10
3441 , 10
3442 , 7
3443 , 1
3444 , 1
3445 , 5
3446 , 9
3447 , 8
3448 , 9
3449 , 7
3450 , 1
3451 , 3
3452 , 9
3453 , 2
3454 , 10
3455 , 3
3456 , 1
3457 , 4
3458 , 5
3459 , 4
3460 , 6
3461 , 7
3462 , 1
3463 , 2
3464 , 8
3465 , 5
3466 , 10
3467 , 2
3468 , 5
3469 , 5
3470 , 1
3471 , 1
3472 , 10
3473 , 4
3474 , 10
3475 , 7
3476 , 5
3477 , 7
3478 , 1
3479 , 9
3480 , 10
3481 , 2
3482 , 7
3483 , 6
3484 , 7
3485 , 2
3486 , 3
3487 , 3
3488 , 1
3489 , 1
3490 , 9
3491 , 8
3492 , 2
3493 , 10
3494 , 3
3495 , 7
3496 , 5
3497 , 10
3498 , 6
3499 , 8
3500 , 6
3501 , 1
3502 , 4
3503 , 1
3504 , 5
3505 , 5
3506 , 7
3507 , 8
3508 , 9
3509 , 8
3510 , 9
3511 , 9
3512 , 9
3513 , 5
3514 , 7
3515 , 2
3516 , 7
3517 , 6
3518 , 10
3519 , 2
3520 , 10
3521 , 7
3522 , 3
3523 , 10
3524 , 3
3525 , 6
3526 , 9
3527 , 3
3528 , 7
3529 , 8
3530 , 4
3531 , 4
3532 , 3
3533 , 3
3534 , 9
3535 , 3
3536 , 3
3537 , 10
3538 , 9
3539 , 6
3540 , 6
3541 , 1
3542 , 8
3543 , 6
3544 , 8
3545 , 1
3546 , 5
3547 , 4
3548 , 4
3549 , 2
3550 , 7
3551 , 6
3552 , 9
3553 , 9
3554 , 4
3555 , 3
3556 , 10
3557 , 1
3558 , 1
3559 , 1
3560 , 6
3561 , 8
3562 , 8
3563 , 8
3564 , 4
3565 , 8
3566 , 3
3567 , 1
3568 , 10
3569 , 5
3570 , 5
3571 , 3
3572 , 4
3573 , 3
3574 , 7
3575 , 2
3576 , 6
3577 , 6
3578 , 10
3579 , 9
3580 , 8
3581 , 2
3582 , 8
3583 , 3
3584 , 1
3585 , 4
3586 , 8
3587 , 8
3588 , 8
3589 , 4
3590 , 10
3591 , 8
3592 , 3
3593 , 4
3594 , 4
3595 , 1
3596 , 1
3597 , 1
3598 , 3
3599 , 7
3600 , 1
3601 , 3
3602 , 7
3603 , 3
3604 , 9
3605 , 2
3606 , 5
3607 , 4
3608 , 4
3609 , 9
3610 , 6
3611 , 7
3612 , 4
3613 , 4
3614 , 1
3615 , 7
3616 , 6
3617 , 6
3618 , 6
3619 , 7
3620 , 7
3621 , 9
3622 , 9
3623 , 10
3624 , 9
3625 , 8
3626 , 2
3627 , 5
3628 , 5
3629 , 6
3630 , 4
3631 , 6
3632 , 9
3633 , 1
3634 , 4
3635 , 1
3636 , 3
3637 , 7
3638 , 9
3639 , 7
3640 , 2
3641 , 8
3642 , 3
3643 , 9
3644 , 8
3645 , 9
3646 , 10
3647 , 7
3648 , 3
3649 , 4
3650 , 2
3651 , 9
3652 , 2
3653 , 4
3654 , 2
3655 , 3
3656 , 8
3657 , 2
3658 , 7
3659 , 8
3660 , 8
3661 , 4
3662 , 4
3663 , 2
3664 , 10
3665 , 4
3666 , 6
3667 , 10
3668 , 4
3669 , 1
3670 , 10
3671 , 10
3672 , 1
3673 , 9
3674 , 4
3675 , 9
3676 , 2
3677 , 3
3678 , 4
3679 , 7
3680 , 5
3681 , 8
3682 , 6
3683 , 8
3684 , 8
3685 , 9
3686 , 7
3687 , 7
3688 , 9
3689 , 5
3690 , 7
3691 , 4
3692 , 9
3693 , 2
3694 , 5
3695 , 7
3696 , 5
3697 , 8
3698 , 4
3699 , 2
3700 , 7
3701 , 4
3702 , 7
3703 , 8
3704 , 9
3705 , 3
3706 , 8
3707 , 2
3708 , 7
3709 , 5
3710 , 9
3711 , 2
3712 , 2
3713 , 2
3714 , 10
3715 , 2
3716 , 10
3717 , 10
3718 , 6
3719 , 4
3720 , 7
3721 , 7
3722 , 5
3723 , 5
3724 , 9
3725 , 5
3726 , 9
3727 , 9
3728 , 2
3729 , 10
3730 , 9
3731 , 8
3732 , 8
3733 , 4
3734 , 3
3735 , 9
3736 , 3
3737 , 9
3738 , 1
3739 , 7
3740 , 7
3741 , 1
3742 , 4
3743 , 1
3744 , 2
3745 , 8
3746 , 5
3747 , 7
3748 , 5
3749 , 8
3750 , 3
3751 , 3
3752 , 9
3753 , 9
3754 , 4
3755 , 2
3756 , 3
3757 , 8
3758 , 7
3759 , 2
3760 , 1
3761 , 2
3762 , 3
3763 , 3
3764 , 5
3765 , 3
3766 , 8
3767 , 5
3768 , 5
3769 , 1
3770 , 7
3771 , 1
3772 , 5
3773 , 2
3774 , 6
3775 , 7
3776 , 4
3777 , 8
3778 , 7
3779 , 6
3780 , 7
3781 , 6
3782 , 8
3783 , 3
3784 , 1
3785 , 6
3786 , 8
3787 , 9
3788 , 6
3789 , 8
3790 , 10
3791 , 5
3792 , 9
3793 , 5
3794 , 3
3795 , 5
3796 , 6
3797 , 9
3798 , 4
3799 , 9
3800 , 1
3801 , 4
3802 , 4
3803 , 4
3804 , 5
3805 , 5
3806 , 3
3807 , 3
3808 , 3
3809 , 5
3810 , 8
3811 , 7
3812 , 5
3813 , 7
3814 , 3
3815 , 8
3816 , 10
3817 , 9
3818 , 3
3819 , 9
3820 , 7
3821 , 3
3822 , 5
3823 , 9
3824 , 8
3825 , 4
3826 , 8
3827 , 7
3828 , 3
3829 , 7
3830 , 9
3831 , 10
3832 , 4
3833 , 9
3834 , 7
3835 , 2
3836 , 9
3837 , 3
3838 , 4
3839 , 6
3840 , 6
3841 , 5
3842 , 1
3843 , 5
3844 , 5
3845 , 7
3846 , 6
3847 , 4
3848 , 3
3849 , 7
3850 , 10
3851 , 2
3852 , 6
3853 , 2
3854 , 4
3855 , 7
3856 , 3
3857 , 3
3858 , 2
3859 , 7
3860 , 3
3861 , 8
3862 , 9
3863 , 9
3864 , 8
3865 , 8
3866 , 10
3867 , 5
3868 , 7
3869 , 8
3870 , 1
3871 , 1
3872 , 3
3873 , 2
3874 , 2
3875 , 2
3876 , 3
3877 , 3
3878 , 8
3879 , 9
3880 , 6
3881 , 9
3882 , 4
3883 , 7
3884 , 10
3885 , 8
3886 , 2
3887 , 9
3888 , 3
3889 , 3
3890 , 6
3891 , 5
3892 , 5
3893 , 5
3894 , 10
3895 , 9
3896 , 7
3897 , 9
3898 , 2
3899 , 5
3900 , 7
3901 , 9
3902 , 4
3903 , 10
3904 , 10
3905 , 2
3906 , 9
3907 , 8
3908 , 7
3909 , 5
3910 , 8
3911 , 7
3912 , 5
3913 , 4
3914 , 1
3915 , 4
3916 , 10
3917 , 3
3918 , 10
3919 , 2
3920 , 1
3921 , 10
3922 , 9
3923 , 9
3924 , 1
3925 , 1
3926 , 3
3927 , 7
3928 , 10
3929 , 5
3930 , 4
3931 , 2
3932 , 1
3933 , 5
3934 , 8
3935 , 10
3936 , 9
3937 , 6
3938 , 2
3939 , 4
3940 , 9
3941 , 10
3942 , 8
3943 , 3
3944 , 9
3945 , 3
3946 , 5
3947 , 2
3948 , 10
3949 , 9
3950 , 9
3951 , 8
3952 , 9
3953 , 4
3954 , 10
3955 , 10
3956 , 9
3957 , 4
3958 , 7
3959 , 6
3960 , 8
3961 , 4
3962 , 5
3963 , 2
3964 , 7
3965 , 5
3966 , 1
3967 , 9
3968 , 6
3969 , 3
3970 , 4
3971 , 1
3972 , 7
3973 , 1
3974 , 5
3975 , 1
3976 , 6
3977 , 6
3978 , 2
3979 , 9
3980 , 10
3981 , 10
3982 , 1
3983 , 5
3984 , 10
3985 , 10
3986 , 10
3987 , 10
3988 , 9
3989 , 6
3990 , 4
3991 , 10
3992 , 10
3993 , 6
3994 , 4
3995 , 7
3996 , 2
3997 , 3
3998 , 9
3999 , 10
4000 , 10
4001 , 9
4002 , 6
4003 , 5
4004 , 4
4005 , 8
4006 , 9
4007 , 8
4008 , 7
4009 , 5
4010 , 5
4011 , 8
4012 , 7
4013 , 1
4014 , 10
4015 , 6
4016 , 2
4017 , 10
4018 , 9
4019 , 7
4020 , 2
4021 , 3
4022 , 5
4023 , 10
4024 , 2
4025 , 6
4026 , 9
4027 , 6
4028 , 7
4029 , 10
4030 , 10
4031 , 6
4032 , 9
4033 , 2
4034 , 7
4035 , 7
4036 , 7
4037 , 5
4038 , 4
4039 , 3
4040 , 4
4041 , 8
4042 , 3
4043 , 4
4044 , 1
4045 , 9
4046 , 1
4047 , 6
4048 , 6
4049 , 8
4050 , 10
4051 , 1
4052 , 4
4053 , 9
4054 , 5
4055 , 7
4056 , 7
4057 , 3
4058 , 8
4059 , 9
4060 , 8
4061 , 10
4062 , 9
4063 , 4
4064 , 5
4065 , 9
4066 , 10
4067 , 2
4068 , 1
4069 , 7
4070 , 3
4071 , 6
4072 , 1
4073 , 9
4074 , 5
4075 , 2
4076 , 4
4077 , 9
4078 , 10
4079 , 2
4080 , 9
4081 , 5
4082 , 8
4083 , 9
4084 , 6
4085 , 2
4086 , 5
4087 , 6
4088 , 5
4089 , 8
4090 , 5
4091 , 2
4092 , 7
4093 , 4
4094 , 6
4095 , 1
4096 , 10
4097 , 2
4098 , 3
4099 , 10
4100 , 10
4101 , 9
4102 , 8
4103 , 9
4104 , 5
4105 , 3
4106 , 7
4107 , 8
4108 , 5
4109 , 8
4110 , 3
4111 , 2
4112 , 6
4113 , 8
4114 , 2
4115 , 5
4116 , 1
4117 , 4
4118 , 5
4119 , 7
4120 , 9
4121 , 3
4122 , 8
4123 , 1
4124 , 9
4125 , 6
4126 , 3
4127 , 3
4128 , 3
4129 , 9
4130 , 9
4131 , 1
4132 , 4
4133 , 4
4134 , 8
4135 , 3
4136 , 5
4137 , 1
4138 , 10
4139 , 6
4140 , 4
4141 , 4
4142 , 10
4143 , 2
4144 , 5
4145 , 3
4146 , 10
4147 , 5
4148 , 3
4149 , 7
4150 , 7
4151 , 3
4152 , 1
4153 , 10
4154 , 7
4155 , 1
4156 , 5
4157 , 1
4158 , 7
4159 , 10
4160 , 1
4161 , 2
4162 , 7
4163 , 1
4164 , 2
4165 , 9
4166 , 4
4167 , 2
4168 , 1
4169 , 5
4170 , 2
4171 , 9
4172 , 1
4173 , 8
4174 , 4
4175 , 4
4176 , 7
4177 , 4
4178 , 1
4179 , 1
4180 , 4
4181 , 6
4182 , 10
4183 , 7
4184 , 3
4185 , 4
4186 , 7
4187 , 1
4188 , 7
4189 , 7
4190 , 6
4191 , 8
4192 , 1
4193 , 7
4194 , 8
4195 , 3
4196 , 2
4197 , 5
4198 , 5
4199 , 5
4200 , 5
4201 , 4
4202 , 3
4203 , 9
4204 , 9
4205 , 1
4206 , 4
4207 , 1
4208 , 5
4209 , 3
4210 , 5
4211 , 8
4212 , 1
4213 , 2
4214 , 4
4215 , 3
4216 , 8
4217 , 4
4218 , 3
4219 , 1
4220 , 7
4221 , 4
4222 , 2
4223 , 8
4224 , 7
4225 , 5
4226 , 3
4227 , 6
4228 , 10
4229 , 1
4230 , 4
4231 , 9
4232 , 7
4233 , 3
4234 , 2
4235 , 6
4236 , 9
4237 , 8
4238 , 9
4239 , 5
4240 , 10
4241 , 1
4242 , 4
4243 , 9
4244 , 7
4245 , 7
4246 , 5
4247 , 1
4248 , 1
4249 , 6
4250 , 7
4251 , 6
4252 , 7
4253 , 10
4254 , 7
4255 , 7
4256 , 1
4257 , 1
4258 , 1
4259 , 1
4260 , 4
4261 , 3
4262 , 4
4263 , 7
4264 , 6
4265 , 7
4266 , 6
4267 , 3
4268 , 7
4269 , 7
4270 , 10
4271 , 1
4272 , 6
4273 , 1
4274 , 5
4275 , 7
4276 , 1
4277 , 7
4278 , 4
4279 , 4
4280 , 10
4281 , 5
4282 , 3
4283 , 2
4284 , 5
4285 , 9
4286 , 9
4287 , 5
4288 , 6
4289 , 8
4290 , 8
4291 , 6
4292 , 5
4293 , 10
4294 , 1
4295 , 2
4296 , 7
4297 , 2
4298 , 10
4299 , 2
4300 , 1
4301 , 3
4302 , 9
4303 , 7
4304 , 1
4305 , 3
4306 , 3
4307 , 1
4308 , 2
4309 , 2
4310 , 2
4311 , 3
4312 , 9
4313 , 9
4314 , 4
4315 , 10
4316 , 7
4317 , 3
4318 , 2
4319 , 4
4320 , 1
4321 , 10
4322 , 7
4323 , 6
4324 , 7
4325 , 9
4326 , 9
4327 , 9
4328 , 10
4329 , 2
4330 , 5
4331 , 8
4332 , 8
4333 , 7
4334 , 7
4335 , 3
4336 , 4
4337 , 9
4338 , 4
4339 , 2
4340 , 10
4341 , 1
4342 , 7
4343 , 2
4344 , 9
4345 , 7
4346 , 8
4347 , 6
4348 , 7
4349 , 4
4350 , 5
4351 , 2
4352 , 10
4353 , 9
4354 , 5
4355 , 10
4356 , 9
4357 , 8
4358 , 9
4359 , 5
4360 , 3
4361 , 5
4362 , 6
4363 , 10
4364 , 3
4365 , 3
4366 , 3
4367 , 1
4368 , 1
4369 , 4
4370 , 7
4371 , 4
4372 , 6
4373 , 4
4374 , 6
4375 , 9
4376 , 10
4377 , 4
4378 , 1
4379 , 8
4380 , 5
4381 , 9
4382 , 8
4383 , 9
4384 , 6
4385 , 5
4386 , 3
4387 , 4
4388 , 2
4389 , 4
4390 , 10
4391 , 2
4392 , 9
4393 , 8
4394 , 6
4395 , 1
4396 , 1
4397 , 3
4398 , 4
4399 , 10
4400 , 1
4401 , 4
4402 , 5
4403 , 5
4404 , 8
4405 , 7
4406 , 2
4407 , 10
4408 , 6
4409 , 3
4410 , 10
4411 , 2
4412 , 7
4413 , 8
4414 , 10
4415 , 7
4416 , 4
4417 , 4
4418 , 8
4419 , 3
4420 , 10
4421 , 7
4422 , 7
4423 , 6
4424 , 6
4425 , 5
4426 , 9
4427 , 7
4428 , 1
4429 , 7
4430 , 10
4431 , 7
4432 , 2
4433 , 7
4434 , 8
4435 , 9
4436 , 4
4437 , 1
4438 , 3
4439 , 8
4440 , 3
4441 , 9
4442 , 4
4443 , 6
4444 , 10
4445 , 5
4446 , 4
4447 , 3
4448 , 8
4449 , 2
4450 , 10
4451 , 5
4452 , 7
4453 , 4
4454 , 1
4455 , 5
4456 , 10
4457 , 1
4458 , 4
4459 , 9
4460 , 1
4461 , 6
4462 , 9
4463 , 6
4464 , 4
4465 , 2
4466 , 9
4467 , 8
4468 , 2
4469 , 6
4470 , 4
4471 , 4
4472 , 1
4473 , 1
4474 , 5
4475 , 4
4476 , 6
4477 , 7
4478 , 5
4479 , 5
4480 , 3
4481 , 9
4482 , 10
4483 , 2
4484 , 8
4485 , 1
4486 , 9
4487 , 9
4488 , 10
4489 , 1
4490 , 5
4491 , 1
4492 , 1
4493 , 10
4494 , 1
4495 , 8
4496 , 9
4497 , 7
4498 , 5
4499 , 7
4500 , 1
4501 , 4
4502 , 1
4503 , 2
4504 , 7
4505 , 6
4506 , 7
4507 , 7
4508 , 10
4509 , 8
4510 , 3
4511 , 7
4512 , 9
4513 , 2
4514 , 5
4515 , 5
4516 , 8
4517 , 7
4518 , 6
4519 , 5
4520 , 10
4521 , 4
4522 , 3
4523 , 4
4524 , 8
4525 , 9
4526 , 2
4527 , 7
4528 , 2
4529 , 9
4530 , 9
4531 , 3
4532 , 5
4533 , 7
4534 , 1
4535 , 7
4536 , 1
4537 , 2
4538 , 2
4539 , 3
4540 , 1
4541 , 5
4542 , 5
4543 , 7
4544 , 2
4545 , 6
4546 , 3
4547 , 4
4548 , 6
4549 , 3
4550 , 5
4551 , 1
4552 , 4
4553 , 9
4554 , 6
4555 , 5
4556 , 3
4557 , 1
4558 , 8
4559 , 4
4560 , 4
4561 , 8
4562 , 2
4563 , 2
4564 , 4
4565 , 7
4566 , 5
4567 , 8
4568 , 2
4569 , 5
4570 , 7
4571 , 7
4572 , 8
4573 , 8
4574 , 7
4575 , 5
4576 , 9
4577 , 5
4578 , 1
4579 , 4
4580 , 4
4581 , 2
4582 , 9
4583 , 2
4584 , 3
4585 , 5
4586 , 8
4587 , 5
4588 , 1
4589 , 9
4590 , 3
4591 , 5
4592 , 8
4593 , 1
4594 , 7
4595 , 8
4596 , 3
4597 , 6
4598 , 7
4599 , 10
4600 , 9
4601 , 1
4602 , 6
4603 , 10
4604 , 10
4605 , 7
4606 , 3
4607 , 3
4608 , 5
4609 , 4
4610 , 5
4611 , 5
4612 , 8
4613 , 10
4614 , 7
4615 , 1
4616 , 1
4617 , 4
4618 , 1
4619 , 3
4620 , 8
4621 , 7
4622 , 10
4623 , 1
4624 , 3
4625 , 3
4626 , 10
4627 , 6
4628 , 3
4629 , 4
4630 , 5
4631 , 6
4632 , 1
4633 , 9
4634 , 1
4635 , 6
4636 , 6
4637 , 8
4638 , 5
4639 , 10
4640 , 5
4641 , 8
4642 , 6
4643 , 5
4644 , 10
4645 , 2
4646 , 4
4647 , 8
4648 , 10
4649 , 7
4650 , 9
4651 , 7
4652 , 6
4653 , 6
4654 , 8
4655 , 2
4656 , 9
4657 , 5
4658 , 5
4659 , 10
4660 , 2
4661 , 1
4662 , 8
4663 , 9
4664 , 8
4665 , 9
4666 , 9
4667 , 9
4668 , 9
4669 , 1
4670 , 4
4671 , 7
4672 , 8
4673 , 4
4674 , 2
4675 , 6
4676 , 9
4677 , 9
4678 , 1
4679 , 4
4680 , 7
4681 , 8
4682 , 2
4683 , 10
4684 , 6
4685 , 7
4686 , 7
4687 , 3
4688 , 6
4689 , 7
4690 , 5
4691 , 1
4692 , 7
4693 , 7
4694 , 5
4695 , 9
4696 , 10
4697 , 1
4698 , 10
4699 , 8
4700 , 9
4701 , 3
4702 , 3
4703 , 5
4704 , 4
4705 , 8
4706 , 10
4707 , 5
4708 , 3
4709 , 5
4710 , 2
4711 , 8
4712 , 5
4713 , 6
4714 , 10
4715 , 3
4716 , 8
4717 , 7
4718 , 1
4719 , 5
4720 , 4
4721 , 1
4722 , 8
4723 , 10
4724 , 10
4725 , 2
4726 , 9
4727 , 4
4728 , 5
4729 , 1
4730 , 4
4731 , 4
4732 , 6
4733 , 7
4734 , 4
4735 , 6
4736 , 10
4737 , 4
4738 , 2
4739 , 10
4740 , 2
4741 , 5
4742 , 10
4743 , 1
4744 , 5
4745 , 5
4746 , 3
4747 , 6
4748 , 6
4749 , 8
4750 , 7
4751 , 4
4752 , 1
4753 , 5
4754 , 2
4755 , 6
4756 , 4
4757 , 1
4758 , 7
4759 , 8
4760 , 4
4761 , 1
4762 , 9
4763 , 10
4764 , 9
4765 , 2
4766 , 7
4767 , 3
4768 , 2
4769 , 10
4770 , 9
4771 , 8
4772 , 10
4773 , 7
4774 , 8
4775 , 7
4776 , 9
4777 , 8
4778 , 4
4779 , 5
4780 , 10
4781 , 10
4782 , 1
4783 , 5
4784 , 8
4785 , 3
4786 , 3
4787 , 10
4788 , 2
4789 , 7
4790 , 6
4791 , 7
4792 , 8
4793 , 8
4794 , 4
4795 , 3
4796 , 6
4797 , 7
4798 , 9
4799 , 6
4800 , 6
4801 , 5
4802 , 4
4803 , 8
4804 , 2
4805 , 8
4806 , 3
4807 , 4
4808 , 4
4809 , 4
4810 , 6
4811 , 6
4812 , 2
4813 , 5
4814 , 2
4815 , 4
4816 , 10
4817 , 7
4818 , 7
4819 , 4
4820 , 1
4821 , 1
4822 , 8
4823 , 8
4824 , 1
4825 , 1
4826 , 8
4827 , 7
4828 , 10
4829 , 2
4830 , 3
4831 , 8
4832 , 6
4833 , 7
4834 , 5
4835 , 8
4836 , 8
4837 , 2
4838 , 5
4839 , 5
4840 , 5
4841 , 3
4842 , 4
4843 , 9
4844 , 8
4845 , 9
4846 , 5
4847 , 4
4848 , 5
4849 , 1
4850 , 6
4851 , 4
4852 , 1
4853 , 3
4854 , 4
4855 , 1
4856 , 6
4857 , 4
4858 , 4
4859 , 4
4860 , 8
4861 , 4
4862 , 2
4863 , 5
4864 , 7
4865 , 8
4866 , 9
4867 , 2
4868 , 1
4869 , 1
4870 , 7
4871 , 6
4872 , 4
4873 , 7
4874 , 6
4875 , 5
4876 , 7
4877 , 4
4878 , 3
4879 , 5
4880 , 1
4881 , 6
4882 , 4
4883 , 4
4884 , 2
4885 , 2
4886 , 7
4887 , 10
4888 , 7
4889 , 4
4890 , 7
4891 , 1
4892 , 7
4893 , 10
4894 , 1
4895 , 8
4896 , 7
4897 , 2
4898 , 8
4899 , 1
4900 , 2
4901 , 9
4902 , 4
4903 , 9
4904 , 8
4905 , 3
4906 , 4
4907 , 2
4908 , 7
4909 , 6
4910 , 2
4911 , 5
4912 , 2
4913 , 2
4914 , 3
4915 , 6
4916 , 8
4917 , 1
4918 , 5
4919 , 8
4920 , 7
4921 , 7
4922 , 3
4923 , 4
4924 , 7
4925 , 5
4926 , 10
4927 , 4
4928 , 9
4929 , 7
4930 , 5
4931 , 3
4932 , 9
4933 , 5
4934 , 7
4935 , 6
4936 , 5
4937 , 3
4938 , 9
4939 , 3
4940 , 9
4941 , 8
4942 , 6
4943 , 3
4944 , 1
4945 , 1
4946 , 4
4947 , 2
4948 , 4
4949 , 5
4950 , 5
4951 , 5
4952 , 2
4953 , 4
4954 , 8
4955 , 4
4956 , 7
4957 , 6
4958 , 1
4959 , 3
4960 , 2
4961 , 3
4962 , 2
4963 , 4
4964 , 6
4965 , 9
4966 , 10
4967 , 6
4968 , 2
4969 , 2
4970 , 1
4971 , 5
4972 , 10
4973 , 4
4974 , 7
4975 , 3
4976 , 4
4977 , 2
4978 , 2
4979 , 7
4980 , 9
4981 , 10
4982 , 1
4983 , 1
4984 , 9
4985 , 8
4986 , 5
4987 , 8
4988 , 2
4989 , 2
4990 , 8
4991 , 3
4992 , 1
4993 , 7
4994 , 1
4995 , 9
4996 , 7
4997 , 6
4998 , 4
4999 , 8
5000 , 6
5001 , 9
5002 , 1
5003 , 3
5004 , 2
5005 , 3
5006 , 6
5007 , 8
5008 , 1
5009 , 7
5010 , 8
5011 , 3
5012 , 3
5013 , 4
5014 , 2
5015 , 4
5016 , 1
5017 , 5
5018 , 6
5019 , 2
5020 , 5
5021 , 6
5022 , 9
5023 , 1
5024 , 1
5025 , 4
5026 , 5
5027 , 4
5028 , 10
5029 , 3
5030 , 9
5031 , 3
5032 , 6
5033 , 9
5034 , 4
5035 , 8
5036 , 2
5037 , 6
5038 , 8
5039 , 10
5040 , 5
5041 , 9
5042 , 10
5043 , 5
5044 , 3
5045 , 1
5046 , 8
5047 , 8
5048 , 10
5049 , 1
5050 , 2
5051 , 6
5052 , 6
5053 , 1
5054 , 1
5055 , 10
5056 , 8
5057 , 8
5058 , 1
5059 , 8
5060 , 9
5061 , 5
5062 , 2
5063 , 5
5064 , 9
5065 , 4
5066 , 3
5067 , 3
5068 , 6
5069 , 1
5070 , 9
5071 , 8
5072 , 2
5073 , 7
5074 , 10
5075 , 5
5076 , 7
5077 , 10
5078 , 6
5079 , 9
5080 , 4
5081 , 1
5082 , 6
5083 , 7
5084 , 8
5085 , 7
5086 , 1
5087 , 6
5088 , 2
5089 , 8
5090 , 5
5091 , 7
5092 , 8
5093 , 2
5094 , 6
5095 , 6
5096 , 8
5097 , 7
5098 , 9
5099 , 4
5100 , 9
5101 , 2
5102 , 6
5103 , 5
5104 , 8
5105 , 4
5106 , 4
5107 , 1
5108 , 5
5109 , 9
5110 , 1
5111 , 9
5112 , 6
5113 , 6
5114 , 10
5115 , 2
5116 , 7
5117 , 4
5118 , 9
5119 , 5
5120 , 10
5121 , 5
5122 , 7
5123 , 2
5124 , 8
5125 , 6
5126 , 7
5127 , 2
5128 , 4
5129 , 8
5130 , 10
5131 , 4
5132 , 4
5133 , 9
5134 , 9
5135 , 9
5136 , 5
5137 , 5
5138 , 1
5139 , 9
5140 , 5
5141 , 8
5142 , 2
5143 , 10
5144 , 5
5145 , 5
5146 , 6
5147 , 9
5148 , 5
5149 , 4
5150 , 4
5151 , 3
5152 , 2
5153 , 7
5154 , 1
5155 , 1
5156 , 4
5157 , 2
5158 , 7
5159 , 1
5160 , 9
5161 , 5
5162 , 1
5163 , 10
5164 , 5
5165 , 9
5166 , 2
5167 , 5
5168 , 8
5169 , 3
5170 , 2
5171 , 6
5172 , 1
5173 , 2
5174 , 3
5175 , 8
5176 , 4
5177 , 6
5178 , 2
5179 , 1
5180 , 6
5181 , 8
5182 , 6
5183 , 10
5184 , 1
5185 , 7
5186 , 8
5187 , 8
5188 , 7
5189 , 5
5190 , 5
5191 , 9
5192 , 9
5193 , 8
5194 , 7
5195 , 5
5196 , 8
5197 , 8
5198 , 3
5199 , 10
5200 , 1
5201 , 8
5202 , 10
5203 , 7
5204 , 3
5205 , 5
5206 , 5
5207 , 5
5208 , 2
5209 , 10
5210 , 7
5211 , 3
5212 , 10
5213 , 4
5214 , 7
5215 , 8
5216 , 3
5217 , 8
5218 , 4
5219 , 3
5220 , 10
5221 , 5
5222 , 4
5223 , 5
5224 , 9
5225 , 3
5226 , 10
5227 , 8
5228 , 5
5229 , 2
5230 , 7
5231 , 5
5232 , 6
5233 , 5
5234 , 3
5235 , 8
5236 , 2
5237 , 4
5238 , 3
5239 , 4
5240 , 3
5241 , 2
5242 , 9
5243 , 9
5244 , 2
5245 , 5
5246 , 3
5247 , 6
5248 , 2
5249 , 7
5250 , 9
5251 , 8
5252 , 3
5253 , 9
5254 , 6
5255 , 8
5256 , 1
5257 , 2
5258 , 4
5259 , 6
5260 , 8
5261 , 4
5262 , 10
5263 , 8
5264 , 8
5265 , 10
5266 , 5
5267 , 5
5268 , 10
5269 , 7
5270 , 4
5271 , 4
5272 , 5
5273 , 1
5274 , 8
5275 , 10
5276 , 7
5277 , 2
5278 , 4
5279 , 4
5280 , 3
5281 , 9
5282 , 8
5283 , 5
5284 , 1
5285 , 7
5286 , 7
5287 , 3
5288 , 7
5289 , 4
5290 , 4
5291 , 9
5292 , 6
5293 , 3
5294 , 3
5295 , 5
5296 , 7
5297 , 10
5298 , 8
5299 , 7
5300 , 6
5301 , 8
5302 , 9
5303 , 2
5304 , 2
5305 , 5
5306 , 5
5307 , 4
5308 , 2
5309 , 4
5310 , 7
5311 , 1
5312 , 8
5313 , 10
5314 , 7
5315 , 5
5316 , 6
5317 , 2
5318 , 1
5319 , 6
5320 , 8
5321 , 9
5322 , 9
5323 , 10
5324 , 1
5325 , 8
5326 , 10
5327 , 10
5328 , 3
5329 , 8
5330 , 10
5331 , 6
5332 , 3
5333 , 6
5334 , 3
5335 , 2
5336 , 1
5337 , 4
5338 , 6
5339 , 7
5340 , 7
5341 , 9
5342 , 2
5343 , 10
5344 , 10
5345 , 5
5346 , 2
5347 , 4
5348 , 4
5349 , 10
5350 , 4
5351 , 4
5352 , 2
5353 , 7
5354 , 9
5355 , 7
5356 , 8
5357 , 10
5358 , 5
5359 , 4
5360 , 4
5361 , 10
5362 , 1
5363 , 6
5364 , 3
5365 , 2
5366 , 9
5367 , 6
5368 , 7
5369 , 2
5370 , 6
5371 , 3
5372 , 8
5373 , 1
5374 , 2
5375 , 8
5376 , 5
5377 , 9
5378 , 6
5379 , 10
5380 , 3
5381 , 3
5382 , 2
5383 , 4
5384 , 2
5385 , 10
5386 , 7
5387 , 4
5388 , 9
5389 , 10
5390 , 2
5391 , 9
5392 , 7
5393 , 1
5394 , 7
5395 , 6
5396 , 3
5397 , 8
5398 , 8
5399 , 9
5400 , 3
5401 , 5
5402 , 7
5403 , 5
5404 , 7
5405 , 7
5406 , 3
5407 , 8
5408 , 1
5409 , 7
5410 , 8
5411 , 1
5412 , 6
5413 , 2
5414 , 5
5415 , 7
5416 , 3
5417 , 3
5418 , 4
5419 , 9
5420 , 5
5421 , 6
5422 , 10
5423 , 3
5424 , 1
5425 , 2
5426 , 7
5427 , 1
5428 , 10
5429 , 3
5430 , 3
5431 , 6
5432 , 3
5433 , 7
5434 , 1
5435 , 6
5436 , 5
5437 , 8
5438 , 9
5439 , 1
5440 , 2
5441 , 8
5442 , 7
5443 , 7
5444 , 7
5445 , 5
5446 , 5
5447 , 7
5448 , 10
5449 , 5
5450 , 8
5451 , 8
5452 , 9
5453 , 9
5454 , 2
5455 , 3
5456 , 5
5457 , 1
5458 , 10
5459 , 5
5460 , 4
5461 , 3
5462 , 8
5463 , 5
5464 , 8
5465 , 10
5466 , 5
5467 , 7
5468 , 5
5469 , 5
5470 , 7
5471 , 3
5472 , 3
5473 , 2
5474 , 10
5475 , 9
5476 , 1
5477 , 10
5478 , 8
5479 , 1
5480 , 9
5481 , 10
5482 , 9
5483 , 9
5484 , 9
5485 , 3
5486 , 3
5487 , 9
5488 , 10
5489 , 6
5490 , 7
5491 , 8
5492 , 5
5493 , 9
5494 , 5
5495 , 3
5496 , 8
5497 , 6
5498 , 9
5499 , 2
5500 , 6
5501 , 10
5502 , 2
5503 , 2
5504 , 5
5505 , 1
5506 , 6
5507 , 4
5508 , 7
5509 , 10
5510 , 6
5511 , 8
5512 , 2
5513 , 7
5514 , 10
5515 , 5
5516 , 6
5517 , 9
5518 , 9
5519 , 6
5520 , 4
5521 , 3
5522 , 1
5523 , 4
5524 , 6
5525 , 5
5526 , 9
5527 , 5
5528 , 8
5529 , 8
5530 , 8
5531 , 4
5532 , 9
5533 , 2
5534 , 5
5535 , 1
5536 , 8
5537 , 6
5538 , 7
5539 , 10
5540 , 7
5541 , 8
5542 , 4
5543 , 7
5544 , 5
5545 , 1
5546 , 1
5547 , 1
5548 , 4
5549 , 9
5550 , 3
5551 , 2
5552 , 4
5553 , 4
5554 , 2
5555 , 7
5556 , 9
5557 , 5
5558 , 10
5559 , 8
5560 , 4
5561 , 2
5562 , 8
5563 , 3
5564 , 1
5565 , 5
5566 , 2
5567 , 6
5568 , 2
5569 , 6
5570 , 1
5571 , 3
5572 , 6
5573 , 10
5574 , 10
5575 , 4
5576 , 7
5577 , 8
5578 , 3
5579 , 2
5580 , 1
5581 , 6
5582 , 8
5583 , 3
5584 , 5
5585 , 2
5586 , 9
5587 , 4
5588 , 6
5589 , 8
5590 , 2
5591 , 3
5592 , 7
5593 , 2
5594 , 8
5595 , 5
5596 , 4
5597 , 10
5598 , 8
5599 , 2
5600 , 3
5601 , 2
5602 , 3
5603 , 9
5604 , 5
5605 , 8
5606 , 10
5607 , 3
5608 , 10
5609 , 1
5610 , 2
5611 , 3
5612 , 6
5613 , 9
5614 , 1
5615 , 9
5616 , 4
5617 , 7
5618 , 7
5619 , 1
5620 , 3
5621 , 1
5622 , 10
5623 , 8
5624 , 5
5625 , 1
5626 , 3
5627 , 4
5628 , 7
5629 , 10
5630 , 7
5631 , 4
5632 , 3
5633 , 1
5634 , 8
5635 , 4
5636 , 4
5637 , 2
5638 , 2
5639 , 8
5640 , 9
5641 , 7
5642 , 6
5643 , 9
5644 , 2
5645 , 1
5646 , 9
5647 , 8
5648 , 9
5649 , 6
5650 , 9
5651 , 5
5652 , 2
5653 , 2
5654 , 4
5655 , 10
5656 , 3
5657 , 9
5658 , 6
5659 , 6
5660 , 3
5661 , 8
5662 , 1
5663 , 6
5664 , 3
5665 , 7
5666 , 1
5667 , 9
5668 , 3
5669 , 4
5670 , 9
5671 , 9
5672 , 4
5673 , 4
5674 , 1
5675 , 1
5676 , 1
5677 , 9
5678 , 3
5679 , 9
5680 , 8
5681 , 3
5682 , 10
5683 , 9
5684 , 2
5685 , 5
5686 , 8
5687 , 3
5688 , 6
5689 , 8
5690 , 9
5691 , 6
5692 , 1
5693 , 7
5694 , 5
5695 , 9
5696 , 6
5697 , 3
5698 , 6
5699 , 6
5700 , 8
5701 , 8
5702 , 8
5703 , 9
5704 , 8
5705 , 7
5706 , 9
5707 , 6
5708 , 8
5709 , 4
5710 , 2
5711 , 2
5712 , 1
5713 , 3
5714 , 2
5715 , 6
5716 , 4
5717 , 3
5718 , 8
5719 , 2
5720 , 8
5721 , 5
5722 , 6
5723 , 7
5724 , 4
5725 , 1
5726 , 3
5727 , 10
5728 , 9
5729 , 4
5730 , 7
5731 , 8
5732 , 2
5733 , 2
5734 , 6
5735 , 5
5736 , 9
5737 , 1
5738 , 7
5739 , 6
5740 , 4
5741 , 7
5742 , 3
5743 , 1
5744 , 9
5745 , 9
5746 , 1
5747 , 6
5748 , 6
5749 , 7
5750 , 2
5751 , 4
5752 , 9
5753 , 2
5754 , 10
5755 , 9
5756 , 4
5757 , 3
5758 , 2
5759 , 3
5760 , 10
5761 , 8
5762 , 2
5763 , 2
5764 , 2
5765 , 7
5766 , 2
5767 , 9
5768 , 6
5769 , 2
5770 , 2
5771 , 8
5772 , 8
5773 , 1
5774 , 8
5775 , 4
5776 , 4
5777 , 1
5778 , 7
5779 , 1
5780 , 2
5781 , 6
5782 , 7
5783 , 7
5784 , 6
5785 , 7
5786 , 2
5787 , 10
5788 , 4
5789 , 10
5790 , 4
5791 , 2
5792 , 6
5793 , 8
5794 , 7
5795 , 7
5796 , 9
5797 , 3
5798 , 10
5799 , 7
5800 , 10
5801 , 8
5802 , 6
5803 , 8
5804 , 9
5805 , 5
5806 , 3
5807 , 4
5808 , 9
5809 , 8
5810 , 1
5811 , 4
5812 , 6
5813 , 7
5814 , 8
5815 , 6
5816 , 4
5817 , 9
5818 , 3
5819 , 10
5820 , 8
5821 , 3
5822 , 4
5823 , 4
5824 , 2
5825 , 9
5826 , 7
5827 , 8
5828 , 7
5829 , 10
5830 , 5
5831 , 7
5832 , 9
5833 , 3
5834 , 5
5835 , 5
5836 , 4
5837 , 1
5838 , 8
5839 , 9
5840 , 4
5841 , 4
5842 , 2
5843 , 7
5844 , 7
5845 , 7
5846 , 9
5847 , 7
5848 , 7
5849 , 8
5850 , 6
5851 , 4
5852 , 10
5853 , 3
5854 , 6
5855 , 7
5856 , 2
5857 , 2
5858 , 7
5859 , 5
5860 , 9
5861 , 1
5862 , 4
5863 , 1
5864 , 4
5865 , 5
5866 , 5
5867 , 1
5868 , 5
5869 , 8
5870 , 2
5871 , 1
5872 , 8
5873 , 8
5874 , 5
5875 , 8
5876 , 3
5877 , 3
5878 , 4
5879 , 5
5880 , 1
5881 , 5
5882 , 5
5883 , 10
5884 , 4
5885 , 8
5886 , 4
5887 , 4
5888 , 7
5889 , 4
5890 , 8
5891 , 3
5892 , 2
5893 , 2
5894 , 10
5895 , 7
5896 , 8
5897 , 10
5898 , 8
5899 , 8
5900 , 9
5901 , 7
5902 , 10
5903 , 8
5904 , 6
5905 , 5
5906 , 10
5907 , 10
5908 , 8
5909 , 3
5910 , 2
5911 , 1
5912 , 9
5913 , 1
5914 , 5
5915 , 5
5916 , 7
5917 , 3
5918 , 1
5919 , 1
5920 , 10
5921 , 7
5922 , 2
5923 , 7
5924 , 2
5925 , 6
5926 , 7
5927 , 1
5928 , 9
5929 , 7
5930 , 5
5931 , 1
5932 , 8
5933 , 9
5934 , 10
5935 , 10
5936 , 7
5937 , 10
5938 , 4
5939 , 8
5940 , 6
5941 , 9
5942 , 1
5943 , 2
5944 , 10
5945 , 4
5946 , 8
5947 , 9
5948 , 8
5949 , 1
5950 , 5
5951 , 9
5952 , 2
5953 , 2
5954 , 7
5955 , 10
5956 , 5
5957 , 10
5958 , 9
5959 , 3
5960 , 9
5961 , 6
5962 , 3
5963 , 10
5964 , 4
5965 , 1
5966 , 3
5967 , 5
5968 , 6
5969 , 7
5970 , 9
5971 , 2
5972 , 7
5973 , 5
5974 , 1
5975 , 3
5976 , 4
5977 , 5
5978 , 8
5979 , 4
5980 , 3
5981 , 2
5982 , 9
5983 , 2
5984 , 10
5985 , 2
5986 , 2
5987 , 7
5988 , 2
5989 , 7
5990 , 10
5991 , 4
5992 , 6
5993 , 7
5994 , 8
5995 , 10
5996 , 6
5997 , 5
5998 , 9
5999 , 8
6000 , 1
6001 , 7
6002 , 9
6003 , 6
6004 , 4
6005 , 3
6006 , 9
6007 , 9
6008 , 10
6009 , 6
6010 , 2
6011 , 4
6012 , 7
6013 , 9
6014 , 7
6015 , 2
6016 , 8
6017 , 5
6018 , 3
6019 , 8
6020 , 6
6021 , 3
6022 , 3
6023 , 2
6024 , 8
6025 , 8
6026 , 8
6027 , 6
6028 , 4
6029 , 3
6030 , 7
6031 , 4
6032 , 8
6033 , 5
6034 , 5
6035 , 1
6036 , 7
6037 , 4
6038 , 1
6039 , 6
6040 , 6
6041 , 10
6042 , 5
6043 , 7
6044 , 3
6045 , 1
6046 , 6
6047 , 4
6048 , 8
6049 , 4
6050 , 2
6051 , 2
6052 , 5
6053 , 2
6054 , 3
6055 , 7
6056 , 10
6057 , 7
6058 , 5
6059 , 7
6060 , 10
6061 , 10
6062 , 1
6063 , 2
6064 , 5
6065 , 1
6066 , 1
6067 , 7
6068 , 3
6069 , 2
6070 , 3
6071 , 1
6072 , 7
6073 , 2
6074 , 3
6075 , 4
6076 , 1
6077 , 2
6078 , 9
6079 , 2
6080 , 5
6081 , 9
6082 , 5
6083 , 6
6084 , 4
6085 , 8
6086 , 7
6087 , 10
6088 , 1
6089 , 6
6090 , 10
6091 , 5
6092 , 9
6093 , 3
6094 , 6
6095 , 8
6096 , 4
6097 , 8
6098 , 5
6099 , 7
6100 , 8
6101 , 4
6102 , 9
6103 , 8
6104 , 7
6105 , 7
6106 , 3
6107 , 6
6108 , 7
6109 , 9
6110 , 5
6111 , 10
6112 , 5
6113 , 5
6114 , 5
6115 , 3
6116 , 8
6117 , 7
6118 , 4
6119 , 8
6120 , 10
6121 , 1
6122 , 9
6123 , 5
6124 , 5
6125 , 4
6126 , 6
6127 , 2
6128 , 4
6129 , 3
6130 , 4
6131 , 10
6132 , 9
6133 , 8
6134 , 9
6135 , 9
6136 , 7
6137 , 3
6138 , 2
6139 , 7
6140 , 4
6141 , 8
6142 , 8
6143 , 9
6144 , 5
6145 , 1
6146 , 1
6147 , 4
6148 , 9
6149 , 9
6150 , 7
6151 , 6
6152 , 7
6153 , 2
6154 , 10
6155 , 7
6156 , 4
6157 , 9
6158 , 3
6159 , 5
6160 , 4
6161 , 10
6162 , 10
6163 , 9
6164 , 6
6165 , 2
6166 , 1
6167 , 9
6168 , 9
6169 , 4
6170 , 6
6171 , 9
6172 , 3
6173 , 2
6174 , 9
6175 , 5
6176 , 2
6177 , 5
6178 , 2
6179 , 3
6180 , 8
6181 , 6
6182 , 3
6183 , 3
6184 , 1
6185 , 4
6186 , 3
6187 , 5
6188 , 2
6189 , 4
6190 , 1
6191 , 8
6192 , 8
6193 , 1
6194 , 4
6195 , 6
6196 , 2
6197 , 7
6198 , 4
6199 , 5
6200 , 1
6201 , 7
6202 , 1
6203 , 9
6204 , 7
6205 , 8
6206 , 8
6207 , 7
6208 , 8
6209 , 4
6210 , 6
6211 , 7
6212 , 8
6213 , 6
6214 , 7
6215 , 9
6216 , 8
6217 , 3
6218 , 5
6219 , 6
6220 , 5
6221 , 1
6222 , 1
6223 , 2
6224 , 9
6225 , 7
6226 , 8
6227 , 9
6228 , 10
6229 , 6
6230 , 6
6231 , 1
6232 , 10
6233 , 8
6234 , 7
6235 , 9
6236 , 4
6237 , 1
6238 , 4
6239 , 6
6240 , 2
6241 , 2
6242 , 6
6243 , 7
6244 , 7
6245 , 3
6246 , 3
6247 , 8
6248 , 8
6249 , 10
6250 , 9
6251 , 4
6252 , 8
6253 , 1
6254 , 10
6255 , 2
6256 , 2
6257 , 1
6258 , 4
6259 , 5
6260 , 7
6261 , 8
6262 , 5
6263 , 5
6264 , 5
6265 , 3
6266 , 9
6267 , 4
6268 , 7
6269 , 7
6270 , 8
6271 , 2
6272 , 9
6273 , 3
6274 , 6
6275 , 9
6276 , 1
6277 , 6
6278 , 9
6279 , 4
6280 , 3
6281 , 8
6282 , 6
6283 , 4
6284 , 10
6285 , 3
6286 , 7
6287 , 9
6288 , 4
6289 , 5
6290 , 4
6291 , 9
6292 , 3
6293 , 4
6294 , 7
6295 , 7
6296 , 1
6297 , 10
6298 , 3
6299 , 5
6300 , 2
6301 , 6
6302 , 6
6303 , 9
6304 , 9
6305 , 7
6306 , 5
6307 , 10
6308 , 6
6309 , 9
6310 , 6
6311 , 4
6312 , 6
6313 , 9
6314 , 1
6315 , 4
6316 , 7
6317 , 8
6318 , 5
6319 , 6
6320 , 10
6321 , 1
6322 , 4
6323 , 8
6324 , 8
6325 , 4
6326 , 4
6327 , 2
6328 , 1
6329 , 6
6330 , 7
6331 , 10
6332 , 2
6333 , 3
6334 , 7
6335 , 7
6336 , 1
6337 , 4
6338 , 10
6339 , 5
6340 , 6
6341 , 8
6342 , 10
6343 , 6
6344 , 1
6345 , 3
6346 , 3
6347 , 10
6348 , 3
6349 , 3
6350 , 4
6351 , 7
6352 , 3
6353 , 4
6354 , 10
6355 , 3
6356 , 4
6357 , 1
6358 , 4
6359 , 10
6360 , 8
6361 , 8
6362 , 7
6363 , 8
6364 , 6
6365 , 8
6366 , 4
6367 , 3
6368 , 3
6369 , 2
6370 , 3
6371 , 3
6372 , 3
6373 , 3
6374 , 4
6375 , 6
6376 , 2
6377 , 6
6378 , 9
6379 , 1
6380 , 6
6381 , 3
6382 , 7
6383 , 8
6384 , 3
6385 , 10
6386 , 9
6387 , 8
6388 , 6
6389 , 9
6390 , 7
6391 , 1
6392 , 10
6393 , 8
6394 , 3
6395 , 1
6396 , 7
6397 , 6
6398 , 5
6399 , 4
6400 , 1
6401 , 2
6402 , 6
6403 , 2
6404 , 1
6405 , 7
6406 , 10
6407 , 5
6408 , 4
6409 , 4
6410 , 1
6411 , 2
6412 , 7
6413 , 9
6414 , 9
6415 , 4
6416 , 1
6417 , 7
6418 , 2
6419 , 8
6420 , 2
6421 , 10
6422 , 5
6423 , 4
6424 , 3
6425 , 6
6426 , 5
6427 , 3
6428 , 3
6429 , 10
6430 , 1
6431 , 2
6432 , 10
6433 , 2
6434 , 10
6435 , 9
6436 , 5
6437 , 10
6438 , 1
6439 , 2
6440 , 1
6441 , 2
6442 , 5
6443 , 1
6444 , 4
6445 , 10
6446 , 8
6447 , 6
6448 , 9
6449 , 9
6450 , 3
6451 , 5
6452 , 9
6453 , 1
6454 , 1
6455 , 5
6456 , 1
6457 , 8
6458 , 9
6459 , 2
6460 , 7
6461 , 7
6462 , 10
6463 , 2
6464 , 8
6465 , 8
6466 , 2
6467 , 6
6468 , 10
6469 , 4
6470 , 9
6471 , 10
6472 , 5
6473 , 7
6474 , 9
6475 , 9
6476 , 5
6477 , 10
6478 , 5
6479 , 10
6480 , 3
6481 , 7
6482 , 7
6483 , 8
6484 , 5
6485 , 5
6486 , 7
6487 , 6
6488 , 9
6489 , 1
6490 , 5
6491 , 4
6492 , 3
6493 , 10
6494 , 1
6495 , 9
6496 , 3
6497 , 10
6498 , 5
6499 , 7
6500 , 2
6501 , 1
6502 , 3
6503 , 10
6504 , 9
6505 , 6
6506 , 4
6507 , 8
6508 , 5
6509 , 5
6510 , 6
6511 , 4
6512 , 2
6513 , 7
6514 , 6
6515 , 9
6516 , 10
6517 , 7
6518 , 7
6519 , 9
6520 , 8
6521 , 5
6522 , 4
6523 , 1
6524 , 1
6525 , 3
6526 , 10
6527 , 5
6528 , 7
6529 , 6
6530 , 8
6531 , 2
6532 , 8
6533 , 9
6534 , 5
6535 , 6
6536 , 3
6537 , 10
6538 , 10
6539 , 6
6540 , 5
6541 , 1
6542 , 9
6543 , 10
6544 , 4
6545 , 7
6546 , 2
6547 , 10
6548 , 3
6549 , 10
6550 , 8
6551 , 6
6552 , 7
6553 , 8
6554 , 5
6555 , 10
6556 , 1
6557 , 6
6558 , 3
6559 , 5
6560 , 3
6561 , 1
6562 , 10
6563 , 6
6564 , 9
6565 , 8
6566 , 10
6567 , 5
6568 , 4
6569 , 10
6570 , 1
6571 , 9
6572 , 5
6573 , 10
6574 , 8
6575 , 3
6576 , 8
6577 , 7
6578 , 8
6579 , 5
6580 , 7
6581 , 4
6582 , 2
6583 , 7
6584 , 4
6585 , 10
6586 , 5
6587 , 7
6588 , 5
6589 , 5
6590 , 5
6591 , 3
6592 , 3
6593 , 3
6594 , 5
6595 , 6
6596 , 5
6597 , 7
6598 , 2
6599 , 4
6600 , 9
6601 , 5
6602 , 10
6603 , 1
6604 , 1
6605 , 3
6606 , 2
6607 , 8
6608 , 9
6609 , 5
6610 , 1
6611 , 10
6612 , 8
6613 , 8
6614 , 6
6615 , 2
6616 , 7
6617 , 1
6618 , 2
6619 , 3
6620 , 10
6621 , 3
6622 , 7
6623 , 10
6624 , 6
6625 , 3
6626 , 9
6627 , 9
6628 , 3
6629 , 10
6630 , 5
6631 , 6
6632 , 3
6633 , 4
6634 , 9
6635 , 7
6636 , 6
6637 , 5
6638 , 5
6639 , 1
6640 , 8
6641 , 4
6642 , 5
6643 , 4
6644 , 2
6645 , 4
6646 , 10
6647 , 9
6648 , 5
6649 , 10
6650 , 1
6651 , 8
6652 , 8
6653 , 4
6654 , 5
6655 , 9
6656 , 4
6657 , 3
6658 , 3
6659 , 3
6660 , 4
6661 , 3
6662 , 2
6663 , 8
6664 , 5
6665 , 10
6666 , 10
6667 , 4
6668 , 5
6669 , 7
6670 , 4
6671 , 8
6672 , 8
6673 , 5
6674 , 8
6675 , 1
6676 , 9
6677 , 7
6678 , 10
6679 , 8
6680 , 7
6681 , 4
6682 , 1
6683 , 9
6684 , 3
6685 , 7
6686 , 4
6687 , 9
6688 , 6
6689 , 5
6690 , 9
6691 , 5
6692 , 6
6693 , 3
6694 , 7
6695 , 4
6696 , 6
6697 , 1
6698 , 9
6699 , 9
6700 , 4
6701 , 5
6702 , 8
6703 , 6
6704 , 3
6705 , 6
6706 , 6
6707 , 9
6708 , 9
6709 , 3
6710 , 9
6711 , 2
6712 , 8
6713 , 9
6714 , 3
6715 , 3
6716 , 1
6717 , 8
6718 , 9
6719 , 8
6720 , 4
6721 , 8
6722 , 2
6723 , 3
6724 , 7
6725 , 4
6726 , 8
6727 , 5
6728 , 8
6729 , 4
6730 , 6
6731 , 10
6732 , 8
6733 , 10
6734 , 2
6735 , 5
6736 , 9
6737 , 8
6738 , 5
6739 , 3
6740 , 2
6741 , 3
6742 , 7
6743 , 3
6744 , 2
6745 , 10
6746 , 7
6747 , 7
6748 , 10
6749 , 1
6750 , 2
6751 , 2
6752 , 2
6753 , 9
6754 , 7
6755 , 7
6756 , 2
6757 , 7
6758 , 3
6759 , 1
6760 , 4
6761 , 1
6762 , 2
6763 , 2
6764 , 5
6765 , 9
6766 , 9
6767 , 10
6768 , 2
6769 , 10
6770 , 2
6771 , 4
6772 , 4
6773 , 2
6774 , 3
6775 , 10
6776 , 1
6777 , 9
6778 , 10
6779 , 8
6780 , 5
6781 , 10
6782 , 8
6783 , 9
6784 , 2
6785 , 7
6786 , 8
6787 , 3
6788 , 6
6789 , 4
6790 , 2
6791 , 7
6792 , 1
6793 , 8
6794 , 2
6795 , 7
6796 , 3
6797 , 1
6798 , 1
6799 , 2
6800 , 8
6801 , 6
6802 , 4
6803 , 10
6804 , 1
6805 , 6
6806 , 2
6807 , 10
6808 , 3
6809 , 1
6810 , 8
6811 , 1
6812 , 8
6813 , 5
6814 , 9
6815 , 1
6816 , 6
6817 , 8
6818 , 1
6819 , 10
6820 , 1
6821 , 7
6822 , 2
6823 , 7
6824 , 7
6825 , 6
6826 , 3
6827 , 7
6828 , 8
6829 , 5
6830 , 1
6831 , 6
6832 , 5
6833 , 9
6834 , 4
6835 , 5
6836 , 9
6837 , 5
6838 , 8
6839 , 7
6840 , 9
6841 , 7
6842 , 5
6843 , 1
6844 , 7
6845 , 1
6846 , 10
6847 , 8
6848 , 1
6849 , 6
6850 , 8
6851 , 3
6852 , 7
6853 , 9
6854 , 4
6855 , 3
6856 , 9
6857 , 3
6858 , 7
6859 , 9
6860 , 8
6861 , 1
6862 , 3
6863 , 9
6864 , 10
6865 , 3
6866 , 4
6867 , 1
6868 , 8
6869 , 9
6870 , 8
6871 , 9
6872 , 7
6873 , 1
6874 , 4
6875 , 10
6876 , 8
6877 , 8
6878 , 5
6879 , 5
6880 , 2
6881 , 2
6882 , 8
6883 , 8
6884 , 9
6885 , 6
6886 , 4
6887 , 9
6888 , 1
6889 , 9
6890 , 9
6891 , 4
6892 , 8
6893 , 4
6894 , 3
6895 , 2
6896 , 7
6897 , 8
6898 , 1
6899 , 6
6900 , 8
6901 , 5
6902 , 2
6903 , 5
6904 , 9
6905 , 9
6906 , 8
6907 , 10
6908 , 5
6909 , 9
6910 , 8
6911 , 6
6912 , 10
6913 , 6
6914 , 9
6915 , 5
6916 , 5
6917 , 9
6918 , 8
6919 , 1
6920 , 7
6921 , 5
6922 , 10
6923 , 7
6924 , 1
6925 , 6
6926 , 6
6927 , 7
6928 , 8
6929 , 5
6930 , 1
6931 , 6
6932 , 9
6933 , 2
6934 , 3
6935 , 7
6936 , 4
6937 , 6
6938 , 9
6939 , 2
6940 , 6
6941 , 9
6942 , 4
6943 , 6
6944 , 6
6945 , 9
6946 , 10
6947 , 9
6948 , 8
6949 , 10
6950 , 7
6951 , 7
6952 , 4
6953 , 5
6954 , 10
6955 , 2
6956 , 10
6957 , 4
6958 , 10
6959 , 4
6960 , 5
6961 , 4
6962 , 4
6963 , 1
6964 , 1
6965 , 9
6966 , 9
6967 , 10
6968 , 4
6969 , 4
6970 , 8
6971 , 4
6972 , 8
6973 , 5
6974 , 5
6975 , 8
6976 , 4
6977 , 4
6978 , 4
6979 , 8
6980 , 6
6981 , 8
6982 , 3
6983 , 2
6984 , 4
6985 , 1
6986 , 10
6987 , 1
6988 , 3
6989 , 4
6990 , 7
6991 , 2
6992 , 9
6993 , 10
6994 , 1
6995 , 4
6996 , 7
6997 , 10
6998 , 3
6999 , 9
7000 , 6
7001 , 2
7002 , 2
7003 , 8
7004 , 3
7005 , 9
7006 , 8
7007 , 4
7008 , 9
7009 , 5
7010 , 1
7011 , 8
7012 , 5
7013 , 7
7014 , 4
7015 , 7
7016 , 8
7017 , 4
7018 , 6
7019 , 3
7020 , 9
7021 , 1
7022 , 4
7023 , 8
7024 , 4
7025 , 8
7026 , 7
7027 , 5
7028 , 9
7029 , 7
7030 , 8
7031 , 8
7032 , 7
7033 , 7
7034 , 4
7035 , 5
7036 , 5
7037 , 7
7038 , 9
7039 , 5
7040 , 1
7041 , 8
7042 , 8
7043 , 7
7044 , 4
7045 , 5
7046 , 7
7047 , 4
7048 , 10
7049 , 9
7050 , 10
7051 , 9
7052 , 2
7053 , 1
7054 , 10
7055 , 2
7056 , 2
7057 , 2
7058 , 8
7059 , 6
7060 , 2
7061 , 4
7062 , 8
7063 , 4
7064 , 4
7065 , 4
7066 , 1
7067 , 2
7068 , 2
7069 , 6
7070 , 5
7071 , 1
7072 , 6
7073 , 7
7074 , 8
7075 , 2
7076 , 7
7077 , 7
7078 , 9
7079 , 9
7080 , 1
7081 , 9
7082 , 8
7083 , 5
7084 , 4
7085 , 3
7086 , 3
7087 , 8
7088 , 1
7089 , 5
7090 , 8
7091 , 7
7092 , 2
7093 , 9
7094 , 9
7095 , 6
7096 , 3
7097 , 8
7098 , 10
7099 , 6
7100 , 8
7101 , 3
7102 , 1
7103 , 5
7104 , 8
7105 , 2
7106 , 5
7107 , 5
7108 , 4
7109 , 7
7110 , 4
7111 , 4
7112 , 8
7113 , 1
7114 , 1
7115 , 9
7116 , 3
7117 , 3
7118 , 10
7119 , 6
7120 , 4
7121 , 6
7122 , 6
7123 , 10
7124 , 5
7125 , 7
7126 , 3
7127 , 10
7128 , 1
7129 , 1
7130 , 2
7131 , 4
7132 , 10
7133 , 9
7134 , 5
7135 , 2
7136 , 7
7137 , 10
7138 , 7
7139 , 9
7140 , 7
7141 , 4
7142 , 6
7143 , 3
7144 , 4
7145 , 2
7146 , 1
7147 , 1
7148 , 10
7149 , 10
7150 , 8
7151 , 1
7152 , 3
7153 , 1
7154 , 3
7155 , 5
7156 , 10
7157 , 8
7158 , 1
7159 , 7
7160 , 8
7161 , 4
7162 , 3
7163 , 10
7164 , 1
7165 , 10
7166 , 1
7167 , 7
7168 , 8
7169 , 5
7170 , 5
7171 , 8
7172 , 10
7173 , 7
7174 , 4
7175 , 5
7176 , 10
7177 , 4
7178 , 4
7179 , 8
7180 , 6
7181 , 9
7182 , 10
7183 , 3
7184 , 4
7185 , 8
7186 , 1
7187 , 10
7188 , 7
7189 , 1
7190 , 5
7191 , 4
7192 , 4
7193 , 3
7194 , 10
7195 , 3
7196 , 3
7197 , 4
7198 , 10
7199 , 8
7200 , 4
7201 , 4
7202 , 6
7203 , 2
7204 , 3
7205 , 8
7206 , 10
7207 , 7
7208 , 8
7209 , 7
7210 , 1
7211 , 8
7212 , 7
7213 , 9
7214 , 7
7215 , 8
7216 , 4
7217 , 4
7218 , 2
7219 , 8
7220 , 4
7221 , 7
7222 , 2
7223 , 7
7224 , 4
7225 , 7
7226 , 9
7227 , 5
7228 , 7
7229 , 4
7230 , 5
7231 , 2
7232 , 5
7233 , 6
7234 , 6
7235 , 10
7236 , 1
7237 , 9
7238 , 10
7239 , 2
7240 , 7
7241 , 10
7242 , 8
7243 , 2
7244 , 7
7245 , 5
7246 , 8
7247 , 3
7248 , 3
7249 , 1
7250 , 5
7251 , 7
7252 , 4
7253 , 9
7254 , 6
7255 , 7
7256 , 3
7257 , 3
7258 , 1
7259 , 10
7260 , 3
7261 , 1
7262 , 5
7263 , 1
7264 , 9
7265 , 7
7266 , 10
7267 , 2
7268 , 6
7269 , 4
7270 , 2
7271 , 4
7272 , 4
7273 , 2
7274 , 6
7275 , 10
7276 , 2
7277 , 6
7278 , 10
7279 , 5
7280 , 2
7281 , 3
7282 , 4
7283 , 4
7284 , 2
7285 , 3
7286 , 9
7287 , 5
7288 , 10
7289 , 3
7290 , 1
7291 , 6
7292 , 4
7293 , 10
7294 , 1
7295 , 4
7296 , 5
7297 , 1
7298 , 1
7299 , 3
7300 , 6
7301 , 2
7302 , 6
7303 , 10
7304 , 7
7305 , 10
7306 , 7
7307 , 10
7308 , 10
7309 , 8
7310 , 1
7311 , 1
7312 , 10
7313 , 7
7314 , 1
7315 , 10
7316 , 8
7317 , 3
7318 , 2
7319 , 7
7320 , 6
7321 , 1
7322 , 10
7323 , 2
7324 , 9
7325 , 8
7326 , 9
7327 , 9
7328 , 3
7329 , 10
7330 , 6
7331 , 10
7332 , 6
7333 , 7
7334 , 9
7335 , 1
7336 , 9
7337 , 4
7338 , 8
7339 , 7
7340 , 2
7341 , 4
7342 , 2
7343 , 4
7344 , 2
7345 , 10
7346 , 1
7347 , 2
7348 , 2
7349 , 6
7350 , 7
7351 , 7
7352 , 10
7353 , 2
7354 , 1
7355 , 10
7356 , 10
7357 , 7
7358 , 6
7359 , 9
7360 , 9
7361 , 5
7362 , 5
7363 , 9
7364 , 2
7365 , 7
7366 , 2
7367 , 9
7368 , 3
7369 , 7
7370 , 8
7371 , 1
7372 , 5
7373 , 1
7374 , 9
7375 , 2
7376 , 1
7377 , 6
7378 , 3
7379 , 8
7380 , 1
7381 , 10
7382 , 5
7383 , 4
7384 , 9
7385 , 8
7386 , 4
7387 , 3
7388 , 5
7389 , 1
7390 , 8
7391 , 2
7392 , 8
7393 , 3
7394 , 9
7395 , 10
7396 , 7
7397 , 8
7398 , 4
7399 , 3
7400 , 10
7401 , 1
7402 , 9
7403 , 5
7404 , 6
7405 , 3
7406 , 7
7407 , 3
7408 , 8
7409 , 3
7410 , 7
7411 , 5
7412 , 8
7413 , 2
7414 , 8
7415 , 2
7416 , 1
7417 , 4
7418 , 9
7419 , 3
7420 , 1
7421 , 1
7422 , 4
7423 , 4
7424 , 6
7425 , 4
7426 , 3
7427 , 6
7428 , 4
7429 , 1
7430 , 10
7431 , 1
7432 , 5
7433 , 2
7434 , 3
7435 , 10
7436 , 2
7437 , 4
7438 , 6
7439 , 6
7440 , 10
7441 , 7
7442 , 1
7443 , 5
7444 , 10
7445 , 6
7446 , 5
7447 , 9
7448 , 1
7449 , 1
7450 , 2
7451 , 3
7452 , 3
7453 , 7
7454 , 4
7455 , 9
7456 , 7
7457 , 6
7458 , 6
7459 , 5
7460 , 3
7461 , 10
7462 , 4
7463 , 9
7464 , 4
7465 , 10
7466 , 1
7467 , 8
7468 , 3
7469 , 8
7470 , 5
7471 , 6
7472 , 7
7473 , 1
7474 , 4
7475 , 2
7476 , 10
7477 , 10
7478 , 9
7479 , 2
7480 , 6
7481 , 2
7482 , 9
7483 , 1
7484 , 3
7485 , 4
7486 , 4
7487 , 10
7488 , 9
7489 , 5
7490 , 4
7491 , 8
7492 , 2
7493 , 4
7494 , 10
7495 , 6
7496 , 1
7497 , 6
7498 , 6
7499 , 6
7500 , 2
7501 , 2
7502 , 2
7503 , 7
7504 , 4
7505 , 6
7506 , 4
7507 , 7
7508 , 5
7509 , 9
7510 , 5
7511 , 10
7512 , 7
7513 , 6
7514 , 6
7515 , 5
7516 , 8
7517 , 4
7518 , 8
7519 , 1
7520 , 10
7521 , 4
7522 , 1
7523 , 4
7524 , 4
7525 , 9
7526 , 2
7527 , 3
7528 , 7
7529 , 4
7530 , 3
7531 , 5
7532 , 6
7533 , 9
7534 , 5
7535 , 1
7536 , 6
7537 , 6
7538 , 8
7539 , 1
7540 , 5
7541 , 4
7542 , 7
7543 , 3
7544 , 9
7545 , 10
7546 , 4
7547 , 1
7548 , 10
7549 , 9
7550 , 3
7551 , 8
7552 , 7
7553 , 8
7554 , 6
7555 , 8
7556 , 10
7557 , 4
7558 , 8
7559 , 10
7560 , 8
7561 , 4
7562 , 10
7563 , 7
7564 , 7
7565 , 1
7566 , 1
7567 , 10
7568 , 7
7569 , 5
7570 , 8
7571 , 7
7572 , 1
7573 , 6
7574 , 3
7575 , 5
7576 , 7
7577 , 6
7578 , 6
7579 , 3
7580 , 2
7581 , 2
7582 , 8
7583 , 6
7584 , 2
7585 , 8
7586 , 7
7587 , 4
7588 , 7
7589 , 6
7590 , 2
7591 , 3
7592 , 3
7593 , 10
7594 , 7
7595 , 8
7596 , 2
7597 , 9
7598 , 9
7599 , 2
7600 , 5
7601 , 7
7602 , 7
7603 , 8
7604 , 3
7605 , 6
7606 , 2
7607 , 5
7608 , 8
7609 , 8
7610 , 9
7611 , 5
7612 , 5
7613 , 5
7614 , 10
7615 , 4
7616 , 7
7617 , 2
7618 , 1
7619 , 8
7620 , 7
7621 , 5
7622 , 4
7623 , 7
7624 , 9
7625 , 9
7626 , 4
7627 , 2
7628 , 7
7629 , 1
7630 , 7
7631 , 4
7632 , 5
7633 , 1
7634 , 8
7635 , 1
7636 , 1
7637 , 8
7638 , 2
7639 , 2
7640 , 8
7641 , 6
7642 , 8
7643 , 8
7644 , 10
7645 , 4
7646 , 8
7647 , 3
7648 , 9
7649 , 1
7650 , 7
7651 , 10
7652 , 4
7653 , 5
7654 , 2
7655 , 10
7656 , 7
7657 , 5
7658 , 3
7659 , 1
7660 , 1
7661 , 8
7662 , 7
7663 , 7
7664 , 8
7665 , 5
7666 , 5
7667 , 10
7668 , 4
7669 , 8
7670 , 4
7671 , 7
7672 , 7
7673 , 4
7674 , 9
7675 , 1
7676 , 10
7677 , 3
7678 , 2
7679 , 7
7680 , 7
7681 , 4
7682 , 1
7683 , 1
7684 , 7
7685 , 3
7686 , 4
7687 , 4
7688 , 3
7689 , 7
7690 , 7
7691 , 4
7692 , 9
7693 , 7
7694 , 10
7695 , 3
7696 , 8
7697 , 2
7698 , 3
7699 , 3
7700 , 6
7701 , 8
7702 , 4
7703 , 6
7704 , 10
7705 , 5
7706 , 10
7707 , 6
7708 , 1
7709 , 3
7710 , 3
7711 , 4
7712 , 3
7713 , 10
7714 , 8
7715 , 3
7716 , 1
7717 , 10
7718 , 7
7719 , 6
7720 , 1
7721 , 6
7722 , 4
7723 , 7
7724 , 7
7725 , 6
7726 , 7
7727 , 7
7728 , 2
7729 , 5
7730 , 2
7731 , 8
7732 , 7
7733 , 3
7734 , 2
7735 , 9
7736 , 1
7737 , 2
7738 , 5
7739 , 6
7740 , 9
7741 , 2
7742 , 1
7743 , 2
7744 , 4
7745 , 8
7746 , 6
7747 , 4
7748 , 7
7749 , 7
7750 , 6
7751 , 2
7752 , 2
7753 , 10
7754 , 1
7755 , 5
7756 , 6
7757 , 5
7758 , 8
7759 , 6
7760 , 8
7761 , 9
7762 , 2
7763 , 5
7764 , 10
7765 , 8
7766 , 2
7767 , 5
7768 , 4
7769 , 3
7770 , 8
7771 , 7
7772 , 6
7773 , 7
7774 , 10
7775 , 1
7776 , 5
7777 , 7
7778 , 3
7779 , 4
7780 , 7
7781 , 10
7782 , 7
7783 , 1
7784 , 6
7785 , 7
7786 , 4
7787 , 1
7788 , 7
7789 , 1
7790 , 7
7791 , 3
7792 , 10
7793 , 2
7794 , 2
7795 , 10
7796 , 1
7797 , 6
7798 , 4
7799 , 5
7800 , 7
7801 , 6
7802 , 5
7803 , 3
7804 , 5
7805 , 7
7806 , 6
7807 , 6
7808 , 1
7809 , 7
7810 , 9
7811 , 9
7812 , 1
7813 , 6
7814 , 1
7815 , 5
7816 , 5
7817 , 10
7818 , 10
7819 , 9
7820 , 4
7821 , 4
7822 , 9
7823 , 5
7824 , 5
7825 , 1
7826 , 1
7827 , 3
7828 , 4
7829 , 3
7830 , 7
7831 , 10
7832 , 8
7833 , 9
7834 , 7
7835 , 4
7836 , 8
7837 , 9
7838 , 4
7839 , 7
7840 , 2
7841 , 6
7842 , 3
7843 , 10
7844 , 3
7845 , 2
7846 , 9
7847 , 1
7848 , 5
7849 , 8
7850 , 9
7851 , 3
7852 , 7
7853 , 6
7854 , 9
7855 , 6
7856 , 8
7857 , 8
7858 , 2
7859 , 5
7860 , 5
7861 , 1
7862 , 3
7863 , 8
7864 , 6
7865 , 5
7866 , 9
7867 , 8
7868 , 4
7869 , 9
7870 , 1
7871 , 4
7872 , 5
7873 , 7
7874 , 8
7875 , 7
7876 , 1
7877 , 5
7878 , 1
7879 , 6
7880 , 3
7881 , 3
7882 , 8
7883 , 5
7884 , 2
7885 , 6
7886 , 2
7887 , 6
7888 , 6
7889 , 3
7890 , 9
7891 , 5
7892 , 4
7893 , 10
7894 , 10
7895 , 10
7896 , 9
7897 , 5
7898 , 6
7899 , 5
7900 , 8
7901 , 3
7902 , 1
7903 , 8
7904 , 4
7905 , 3
7906 , 3
7907 , 2
7908 , 9
7909 , 9
7910 , 4
7911 , 5
7912 , 3
7913 , 1
7914 , 10
7915 , 5
7916 , 6
7917 , 4
7918 , 10
7919 , 9
7920 , 6
7921 , 4
7922 , 10
7923 , 10
7924 , 6
7925 , 10
7926 , 10
7927 , 5
7928 , 7
7929 , 2
7930 , 9
7931 , 5
7932 , 5
7933 , 7
7934 , 7
7935 , 3
7936 , 2
7937 , 3
7938 , 10
7939 , 10
7940 , 4
7941 , 6
7942 , 10
7943 , 8
7944 , 3
7945 , 1
7946 , 10
7947 , 1
7948 , 2
7949 , 4
7950 , 7
7951 , 8
7952 , 6
7953 , 10
7954 , 8
7955 , 4
7956 , 4
7957 , 1
7958 , 4
7959 , 1
7960 , 10
7961 , 8
7962 , 2
7963 , 7
7964 , 8
7965 , 4
7966 , 9
7967 , 3
7968 , 5
7969 , 4
7970 , 8
7971 , 10
7972 , 4
7973 , 5
7974 , 10
7975 , 3
7976 , 1
7977 , 9
7978 , 3
7979 , 3
7980 , 8
7981 , 10
7982 , 8
7983 , 7
7984 , 10
7985 , 7
7986 , 6
7987 , 3
7988 , 6
7989 , 1
7990 , 1
7991 , 10
7992 , 6
7993 , 3
7994 , 9
7995 , 5
7996 , 3
7997 , 8
7998 , 1
7999 , 10
8000 , 9
